-1.00000e+00,-1.00000e+00,-1.00000e+00,1.62000e+03,6.91000e+02,7.18450e+03,1.06622e+03,4.96723e+02,4.34853e+03,4.71615e+02,4.78132e-01,-1.32986e-01,1.14689e+06,3.86779e-01,7.63914e+03,3.11046e-01,4.70676e-01,5.96886e-01,7.30969e-01,8.61682e-01,1.82749e-03,-9.13075e-03,2.52141e-01,3.63463e+03,4.56243e+01,9.97470e-01,9.29438e-01,4.32525e-01,5.40000e+02,2.47626e-01,4.84174e-01,1.83324e+00,8.85177e-01,1.00000e+00,9.52381e-02,3.33333e-02,-3.33333e-02,8.81904e-02
-1.00000e+00,-1.00000e+00,-1.00000e+00,5.09000e+02,2.56000e+02,6.95383e+03,4.29984e+03,3.02696e+03,3.96842e+03,3.99450e+02,7.82280e-01,-8.53281e-01,8.00467e+05,3.09732e-01,5.56344e+03,1.39711e-01,2.81733e-01,4.41474e-01,6.45090e-01,8.45475e-01,2.21598e-02,-2.18341e-03,1.57093e-01,2.22801e+03,3.58287e+01,8.41954e-01,8.29611e-01,4.01835e-01,5.69000e+02,4.11416e-01,8.13717e-01,4.27006e-01,8.24122e-01,1.00000e+00,0.00000e+00,-3.33333e-02,-3.33333e-02,1.03901e-01
-1.00000e+00,-1.00000e+00,-1.00000e+00,1.05400e+03,8.24000e+02,5.02696e+03,-8.55669e+02,-9.07723e+02,3.01506e+03,2.35223e+02,4.90121e-01,1.80083e-01,7.65492e+05,3.97937e-01,5.27541e+03,2.98313e-01,4.58352e-01,5.79946e-01,7.13726e-01,8.63039e-01,9.38380e-04,1.50047e-02,2.16313e-01,2.66057e+03,3.76264e+01,8.18924e-01,8.16151e-01,4.29969e-01,4.55000e+02,2.11941e-01,3.86210e-01,2.31106e-01,8.80481e-01,1.00000e+00,1.66667e-01,3.00000e-01,-1.00000e-01,1.29587e-01
-1.00000e+00,-1.00000e+00,-1.00000e+00,1.04800e+03,9.46000e+02,5.45704e+03,1.59756e+03,1.30911e+03,3.17568e+03,-3.27032e+02,-7.77551e-01,1.25358e-01,1.32833e+06,3.92230e-01,5.45614e+03,2.81498e-01,4.50008e-01,5.75886e-01,7.14439e-01,8.51917e-01,7.77552e-03,1.92568e-02,4.08212e-01,2.73783e+03,3.73058e+01,8.60842e-01,8.34045e-01,4.13584e-01,5.74000e+02,2.74662e-01,-4.27166e-01,3.29437e+00,8.05069e-01,1.00000e+00,1.53846e-01,-1.00000e-01,1.00000e-01,1.10561e-01
-1.00000e+00,-1.00000e+00,-1.00000e+00,1.19200e+03,4.66000e+02,1.36740e+04,2.33956e+03,2.92807e+03,7.10908e+03,-1.33454e+02,-1.55314e-01,2.41531e-01,1.53130e+06,3.36752e-01,9.45331e+03,1.37124e-01,2.71585e-01,3.92868e-01,5.78413e-01,8.14499e-01,2.56849e-03,1.62393e-02,1.28949e-01,4.69749e+03,3.31510e+01,9.95158e-01,9.93699e-01,3.27365e-01,5.20000e+01,3.81197e-01,-1.98600e-01,2.60570e+00,8.07130e-01,1.00000e+00,1.00000e-01,-1.66667e-01,3.66667e-01,6.90527e-02
-1.00000e+00,-1.00000e+00,-1.00000e+00,1.19800e+03,2.00900e+03,1.38972e+04,-9.07663e+02,-1.97096e+03,6.89495e+03,7.10253e+02,7.65789e-01,-8.38691e-01,1.84194e+06,2.84711e-01,8.28128e+03,1.27548e-01,2.39713e-01,3.50015e-01,5.24470e-01,7.42267e-01,2.34349e-02,-1.13750e-02,2.68220e-01,4.03277e+03,3.28023e+01,9.70069e-01,9.66637e-01,3.51756e-01,2.87000e+02,4.85112e-01,-2.03477e+00,7.44315e+00,7.86559e-01,1.00000e+00,0.00000e+00,-3.33333e-02,3.33333e-02,8.59761e-02
-1.00000e+00,-1.00000e+00,-1.00000e+00,1.49500e+03,5.38000e+02,6.61066e+03,-1.69145e+03,-1.68087e+03,3.37397e+03,-3.46834e+02,-4.89595e-02,-2.71757e-01,1.53447e+06,3.10149e-01,4.55001e+03,1.50630e-01,2.79388e-01,4.13141e-01,5.76241e-01,7.80617e-01,1.02983e-02,-1.06458e-03,7.92886e-01,2.26089e+03,3.31671e+01,9.79371e-01,9.28118e-01,2.78534e-01,7.20000e+01,5.28034e-01,-1.39901e+00,2.08823e+00,7.91501e-01,9.99996e-01,4.54545e-02,-3.33333e-02,-1.00000e-01,1.16577e-01
-1.00000e+00,-1.00000e+00,-1.00000e+00,1.12300e+03,2.48000e+02,3.13713e+03,-2.42105e+02,-2.61705e+02,1.67286e+03,-8.95329e+01,-4.11429e-01,2.88926e-02,7.74817e+05,3.43624e-01,2.38479e+03,1.63490e-01,3.06324e-01,4.33135e-01,6.12983e-01,8.15640e-01,2.68601e-04,1.07383e-02,1.01739e+00,1.19390e+03,4.09472e+01,9.70792e-01,9.22107e-01,2.87504e-01,1.57000e+02,3.92215e-01,-7.65727e-01,1.11535e-01,8.17447e-01,1.00000e+00,7.40741e-02,-3.33333e-02,1.66667e-01,1.60227e-01
-1.00000e+00,-1.00000e+00,-1.00000e+00,7.50000e+02,1.02300e+03,1.43678e+04,-1.05814e+03,2.60163e+03,9.32127e+03,7.71229e+02,6.25958e-01,4.53048e-01,1.25367e+06,3.72037e-01,1.69441e+04,2.97666e-01,4.94989e-01,6.35322e-01,7.81538e-01,8.95503e-01,3.00210e-04,-1.92019e-02,7.41411e-02,6.02428e+03,2.97919e+01,9.86864e-01,9.67061e-01,4.47000e-01,5.13000e+02,2.29823e-01,1.50146e-01,2.70829e+00,8.97266e-01,1.00000e+00,2.30769e-01,-1.66667e-01,-1.00000e-01,8.80104e-02
-1.00000e+00,-1.00000e+00,-1.00000e+00,2.03600e+03,1.77600e+03,5.81514e+04,-7.31845e+03,3.85128e+03,3.76726e+04,-2.89208e+03,-5.75479e-01,6.44219e-01,1.79423e+06,2.03053e-01,6.23796e+04,3.74332e-01,4.78866e-01,5.74571e-01,7.08305e-01,8.63442e-01,2.77087e-02,-1.06496e-02,3.54057e-03,2.42998e+04,3.05044e+01,9.85014e-01,9.17036e-01,4.41098e-01,4.90000e+02,5.92829e-02,9.32426e-02,7.88039e+01,8.88063e-01,1.00000e+00,1.90476e-01,-3.33333e-02,-3.33333e-02,2.25194e-02
-1.00000e+00,-1.00000e+00,-1.00000e+00,9.01000e+02,1.49900e+03,2.52430e+04,-1.63885e+04,-8.20035e+03,1.55027e+04,1.47127e+03,7.33394e-01,4.84442e-01,1.85700e+06,3.28032e-01,2.57489e+04,4.12416e-01,4.92222e-01,5.63298e-01,6.69520e-01,8.26872e-01,1.67661e-02,1.13604e-03,5.57590e-02,1.03386e+04,3.87955e+01,9.98641e-01,9.52881e-01,4.59302e-01,5.55000e+02,3.22068e-01,1.47552e+00,1.12747e+02,9.20146e-01,1.00000e+00,1.92308e-01,3.33333e-02,-3.33333e-02,6.25167e-02
-1.00000e+00,-1.00000e+00,-1.00000e+00,3.37000e+02,1.70800e+03,3.06201e+04,2.70429e+03,4.65298e+03,1.74135e+04,-2.26645e+01,-9.84759e-03,5.96915e-01,1.70962e+06,3.89719e-01,2.71794e+04,1.94180e-01,3.25277e-01,4.84820e-01,6.65180e-01,8.11481e-01,3.76437e-02,-1.63699e-02,3.94005e-02,1.38131e+04,3.56890e+01,8.86427e-01,8.75919e-01,4.12289e-01,3.48000e+02,3.01551e-01,-1.09449e+00,2.63596e+00,8.32799e-01,1.00000e+00,1.92308e-01,3.33333e-02,-1.66667e-01,4.70040e-02
-1.00000e+00,-1.00000e+00,-1.00000e+00,1.10900e+03,1.64500e+03,8.93137e+03,2.61436e+03,1.11963e+03,5.34145e+03,6.62914e+02,9.40449e-01,-5.07832e-01,8.13482e+05,3.36364e-01,8.92027e+03,2.80274e-01,4.37483e-01,5.56493e-01,7.08685e-01,8.61337e-01,7.04225e-03,9.67742e-03,8.62923e-02,3.97454e+03,4.50440e+01,9.96555e-01,9.74855e-01,4.36345e-01,7.37000e+02,2.25220e-01,-2.13348e-01,2.48139e+00,8.85390e-01,1.00000e+00,3.84615e-02,3.33333e-02,-3.33333e-02,8.02341e-02
-1.00000e+00,-1.00000e+00,-1.00000e+00,7.90000e+02,1.52200e+03,1.17487e+04,-8.60901e+03,-5.33111e+03,7.16029e+03,7.37781e+02,7.62150e-01,9.53719e-01,1.19990e+06,2.95256e-01,1.16037e+04,7.51018e-02,1.84182e-01,5.43613e-01,7.02748e-01,8.59115e-01,1.34291e-02,-3.43321e-03,1.04604e-01,2.30718e+03,3.04209e+01,9.75300e-01,9.23761e-01,4.24714e-01,5.01000e+02,5.98315e-01,-8.40496e-01,1.64521e+00,8.55351e-01,1.00000e+00,2.50000e-01,3.33333e-02,-3.33333e-02,8.72236e-02
-1.00000e+00,-1.00000e+00,-1.00000e+00,1.12600e+03,1.46900e+03,1.26864e+04,5.21056e+03,4.28757e+03,6.65524e+03,1.47473e+02,1.79755e-01,-7.60754e-01,1.12751e+06,2.96504e-01,9.81549e+03,2.00170e-01,3.34768e-01,4.32675e-01,5.36682e-01,7.09565e-01,4.88652e-02,5.33760e-03,8.97021e-02,4.88880e+03,4.86300e+01,9.74137e-01,9.60917e-01,4.05848e-01,4.69000e+02,2.83160e-01,-1.72832e+00,4.00381e+01,7.92300e-01,1.00000e+00,1.48148e-01,3.33333e-02,3.33333e-02,6.59230e-02
-1.00000e+00,-1.00000e+00,-1.00000e+00,4.82000e+02,1.46100e+03,2.15907e+04,-6.54700e+05,-6.53049e+05,2.82585e+04,3.36113e+03,1.64694e-01,1.10170e+01,6.15370e+06,2.80057e-02,1.35716e+04,1.45483e-01,2.75678e-01,3.87604e-01,5.44034e-01,7.52853e-01,9.05746e-03,1.69731e-02,5.93995e-02,6.77255e+03,9.63041e+00,9.99936e-01,9.69919e-01,1.22850e-01,1.80000e+01,9.90099e-01,1.81462e-01,6.12173e+03,3.82104e-01,1.00000e+00,3.84615e-02,-1.66667e-01,9.00000e-01,2.85023e-02
-1.00000e+00,-1.00000e+00,-1.00000e+00,1.35300e+03,1.01200e+03,9.08868e+03,-1.26959e+03,-1.20928e+03,4.89662e+03,-4.58653e+02,-6.68882e-01,-1.08727e-01,1.83099e+06,3.55285e-01,7.29556e+03,1.84861e-01,3.26122e-01,4.57685e-01,6.29495e-01,8.02284e-01,3.04157e-03,-3.37724e-03,5.21980e-01,3.60492e+03,4.45159e+01,9.93998e-01,8.74167e-01,3.54370e-01,3.15000e+02,3.59000e-01,-8.87008e-02,8.92673e-01,8.28763e-01,1.00000e+00,1.81818e-01,-3.33333e-02,-1.00000e-01,1.19083e-01
-1.00000e+00,-1.00000e+00,-1.00000e+00,2.93000e+02,1.78800e+03,1.24391e+04,1.61254e+03,3.16511e+03,6.11952e+03,-3.06396e+02,-3.96436e-01,1.56670e+00,1.34447e+06,1.96444e-01,5.57211e+03,9.90458e-02,1.88419e-01,2.66990e-01,4.13078e-01,7.12206e-01,5.22238e-02,6.88271e-03,1.31436e-01,2.67188e+03,2.64879e+01,9.95767e-01,9.74769e-01,3.36770e-01,2.40000e+02,6.31202e-01,-5.04603e-01,5.14932e+00,7.28509e-01,1.00000e+00,1.48148e-01,-1.66667e-01,3.33333e-02,7.77676e-02
-1.00000e+00,-1.00000e+00,-1.00000e+00,9.95000e+02,4.94000e+02,1.63271e+04,-2.19286e+03,-1.33203e+03,8.68729e+03,-6.90469e+02,-6.44355e-01,1.89587e-01,2.15998e+06,3.38766e-01,1.18338e+04,1.53160e-01,2.79467e-01,4.09691e-01,6.12475e-01,8.41414e-01,2.94039e-03,9.61795e-03,1.14239e-01,5.76519e+03,3.74470e+01,9.75822e-01,9.65160e-01,3.71007e-01,4.68000e+02,3.92466e-01,-1.54115e-01,7.01887e+00,8.23356e-01,1.00000e+00,1.85185e-01,3.33333e-02,3.33333e-02,7.69554e-02
-1.00000e+00,-1.00000e+00,-1.00000e+00,1.29700e+03,9.04000e+02,4.16381e+04,7.87595e+03,9.51655e+03,2.39249e+04,-1.13348e+03,-3.94307e-01,6.36274e-01,1.44388e+06,2.88196e-01,3.81879e+04,1.89095e-01,4.07332e-01,5.25267e-01,6.93364e-01,8.45832e-01,4.41501e-02,-1.13072e-02,1.40044e-02,2.07228e+04,5.88867e+01,9.93840e-01,9.44584e-01,4.11745e-01,3.54000e+02,2.85163e-01,-6.44346e-01,5.68780e-01,8.48571e-01,1.00000e+00,2.22222e-01,-1.00000e-01,-1.00000e-01,6.29242e-02
-1.00000e+00,-1.00000e+00,-1.00000e+00,2.26000e+02,8.44000e+02,1.52854e+04,-5.03598e+01,2.44895e+03,7.92538e+03,-4.77249e+02,-5.03559e-01,1.44689e+00,1.35167e+06,2.23354e-01,6.84190e+03,7.87564e-02,1.61698e-01,2.50224e-01,4.75107e-01,7.39332e-01,6.31373e-02,-1.13636e-02,1.20291e-01,3.10223e+03,3.53634e+01,9.70222e-01,9.64948e-01,3.51214e-01,2.39000e+02,5.93652e-01,6.09089e-02,3.12596e+00,7.46707e-01,1.00000e+00,1.50000e-01,3.33333e-02,1.00000e-01,9.79614e-02
-1.00000e+00,-1.00000e+00,-1.00000e+00,1.65000e+03,7.93000e+02,6.75625e+03,-3.77420e+00,5.24227e+02,3.06006e+03,1.16658e+02,2.88674e-01,1.61064e+00,1.15252e+06,1.99721e-01,2.98309e+03,1.02883e-01,1.97865e-01,2.85100e-01,4.09498e-01,6.03572e-01,4.10271e-02,7.25244e-03,6.09835e-01,1.47908e+03,2.80623e+01,9.85756e-01,9.10318e-01,2.40837e-01,1.31000e+02,6.29847e-01,-4.67971e-01,3.20880e+00,7.08253e-01,1.00000e+00,7.40741e-02,3.33333e-02,-1.00000e-01,1.49998e-01
-1.00000e+00,-1.00000e+00,-1.00000e+00,1.31200e+03,1.88600e+03,4.02136e+03,8.42401e+01,4.61097e+02,2.18484e+03,-2.23469e+02,-7.26799e-01,4.94764e-01,7.71651e+05,3.32647e-01,3.15794e+03,1.64808e-01,3.13184e-01,4.43502e-01,6.10535e-01,8.13163e-01,4.46122e-03,-5.82990e-03,4.62971e-01,1.52361e+03,2.61392e+01,9.69990e-01,9.67992e-01,3.81402e-01,4.19000e+02,3.61797e-01,-8.75330e-01,4.85415e-02,8.24058e-01,1.00000e+00,1.66667e-01,1.00000e-01,3.33333e-02,1.25003e-01
-1.00000e+00,-1.00000e+00,-1.00000e+00,6.80000e+02,1.22600e+03,2.09959e+04,-5.54409e+03,-5.73274e+03,1.04235e+04,5.62518e+02,3.92329e-01,-2.97394e-01,2.43566e+06,3.02229e-01,1.42959e+04,1.65535e-01,2.96024e-01,4.18973e-01,5.69476e-01,7.57044e-01,2.39006e-02,-1.11465e-02,1.95698e-01,7.16053e+03,6.83071e+01,9.97938e-01,9.03630e-01,2.61166e-01,8.70000e+01,4.60828e-01,-5.83712e-01,2.84972e+00,7.97261e-01,1.00000e+00,8.00000e-02,3.33333e-02,-3.33333e-02,8.50235e-02
-1.00000e+00,-1.00000e+00,-1.00000e+00,6.48000e+02,2.40000e+02,2.43102e+04,-1.09881e+04,-9.73999e+03,1.15844e+04,-1.31411e+03,-9.34221e-01,4.74271e-02,1.38320e+06,2.77868e-01,1.55451e+04,1.94914e-01,3.14163e-01,4.01864e-01,5.45490e-01,7.53115e-01,4.16213e-02,-6.25340e-03,4.04752e-02,8.12879e+03,3.86688e+01,9.83429e-01,9.54178e-01,4.04153e-01,5.92000e+02,3.88798e-01,-1.70072e+00,1.24493e+00,7.98225e-01,1.00000e+00,1.85185e-01,3.33333e-02,1.00000e-01,3.42292e-02
-1.00000e+00,-1.00000e+00,-1.00000e+00,9.67000e+02,1.99000e+03,6.16425e+03,-3.69929e+02,-4.99746e+02,3.23945e+03,2.04082e+02,4.67572e-01,-1.70986e-01,1.58125e+06,3.42284e-01,4.60129e+03,1.56528e-01,2.92130e-01,4.27970e-01,6.02499e-01,8.05401e-01,1.97964e-03,1.41323e-03,8.27838e-01,2.29915e+03,4.16624e+01,9.81499e-01,9.48303e-01,3.17023e-01,1.95000e+02,4.19163e-01,-7.69890e-02,1.62388e-01,8.10661e-01,1.00000e+00,3.70370e-02,-3.33333e-02,3.33333e-02,1.52461e-01
-1.00000e+00,-1.00000e+00,-1.00000e+00,6.95000e+02,1.60800e+03,4.32572e+03,-1.26100e+03,-1.49438e+03,2.23287e+03,1.51475e+02,5.24139e-01,-3.92082e-01,1.14940e+06,3.02512e-01,3.07045e+03,1.57499e-01,2.89568e-01,4.18676e-01,5.84490e-01,7.88349e-01,2.20933e-03,0.00000e+00,9.33317e-01,1.50477e+03,5.24157e+01,9.86175e-01,8.81076e-01,2.62155e-01,1.57000e+02,4.20094e-01,-6.57657e-01,1.80251e+00,8.14722e-01,1.00000e+00,0.00000e+00,-1.00000e-01,3.33333e-02,1.60168e-01
-1.00000e+00,-1.00000e+00,-1.00000e+00,2.23000e+02,1.74100e+03,1.59858e+04,3.88794e+03,3.62127e+03,8.28793e+03,-3.26278e+02,-1.70607e-01,-1.40968e-01,2.76262e+06,3.12005e-01,1.09041e+04,1.58412e-01,2.79111e-01,4.06138e-01,5.85546e-01,7.87866e-01,1.42631e-02,1.07697e-02,2.26774e-01,5.42679e+03,9.34571e+01,9.88389e-01,9.30583e-01,1.90974e-01,1.10000e+01,5.37219e-01,-7.79072e-01,2.04202e+00,7.94652e-01,9.99913e-01,7.40741e-02,-1.00000e-01,-3.33333e-02,1.44528e-01
-1.00000e+00,-1.00000e+00,-1.00000e+00,5.74000e+02,1.21400e+03,9.17122e+03,2.34983e+02,1.14534e+03,3.91669e+03,-2.06643e+02,-4.30102e-01,2.99866e+00,8.26774e+05,9.85614e-02,2.11594e+03,6.21659e-02,1.12191e-01,1.67920e-01,2.41095e-01,3.91615e-01,4.99234e-02,1.53046e-02,2.01976e-01,1.04363e+03,3.54765e+01,9.88063e-01,9.26257e-01,2.54355e-01,1.53000e+02,8.57055e-01,1.19425e+00,1.06262e+00,5.76739e-01,1.00000e+00,7.69231e-02,-1.00000e-01,-1.00000e-01,9.84056e-02
-1.00000e+00,-1.00000e+00,-1.00000e+00,5.94000e+02,1.23300e+03,4.89315e+03,-2.48078e+03,-2.67010e+03,2.48740e+03,9.52010e+01,2.91817e-01,-2.52806e-01,1.32573e+06,2.90762e-01,3.19178e+03,1.54266e-01,2.73049e-01,3.89891e-01,5.69838e-01,7.81916e-01,4.73274e-03,5.28659e-03,8.44873e-01,1.59487e+03,6.18931e+01,9.70625e-01,9.37556e-01,1.80993e-01,1.33000e+02,5.16416e-01,-1.29157e+00,8.46356e-01,8.01266e-01,1.00000e+00,7.69231e-02,-3.00000e-01,1.00000e-01,1.13122e-01
-1.00000e+00,-1.00000e+00,-1.00000e+00,2.05000e+03,1.28600e+03,3.81230e+03,-1.13834e+03,-1.24632e+03,1.95751e+03,-3.41624e+01,-1.24607e-01,-3.00045e-01,9.90722e+05,3.16800e-01,2.65460e+03,1.48899e-01,2.83766e-01,4.15688e-01,5.84771e-01,7.78010e-01,3.52225e-03,5.76000e-03,1.17728e+00,1.32535e+03,5.95794e+01,9.97039e-01,8.89521e-01,1.85804e-01,1.10000e+01,4.80320e-01,-3.63329e-01,7.29997e-01,7.96728e-01,1.00000e+00,4.00000e-02,-3.33333e-02,-1.00000e-01,1.41442e-01
-1.00000e+00,-1.00000e+00,-1.00000e+00,1.32600e+03,4.30000e+01,1.23985e+05,2.31412e+04,1.52570e+04,6.69496e+04,-5.56243e+03,-6.08141e-01,-2.28402e-01,3.33994e+06,3.50943e-01,1.03653e+05,1.81166e-01,3.32212e-01,4.75085e-01,6.45385e-01,8.03977e-01,1.82505e-02,-2.10692e-02,1.04995e-02,4.89080e+04,4.13503e+01,9.96591e-01,9.75099e-01,3.30154e-01,3.22000e+02,3.12264e-01,-7.56727e-01,8.62177e+00,8.37131e-01,1.00000e+00,8.00000e-02,1.00000e-01,-2.33333e-01,8.75958e-02
-1.00000e+00,-1.00000e+00,-1.00000e+00,1.56500e+03,1.15700e+03,3.63571e+04,-2.25749e+04,-1.03234e+04,2.42901e+04,1.91130e+03,6.09605e-01,5.97875e-01,2.52154e+06,3.62594e-01,4.63359e+04,2.01110e-01,4.04738e-01,6.80889e-01,8.13576e-01,9.08177e-01,1.43421e-03,-2.14977e-03,2.29580e-02,1.18169e+04,5.52941e+01,9.41474e-01,9.33619e-01,4.47103e-01,4.04000e+02,4.24937e-01,-4.78947e-01,6.18892e+01,8.94254e-01,1.00000e+00,2.17391e-01,3.33333e-02,-1.00000e-01,5.75440e-02
-1.00000e+00,-1.00000e+00,-1.00000e+00,1.28100e+03,5.47000e+02,2.45057e+05,-3.06773e+04,-3.57126e+04,1.52540e+05,-2.70673e+03,-1.39063e-01,1.04894e-01,2.66919e+06,3.89994e-01,2.75002e+05,2.74231e-01,4.62693e-01,5.80256e-01,6.76092e-01,8.76421e-01,0.00000e+00,-5.25152e-03,1.08908e-03,1.27045e+05,3.83695e+01,9.76875e-01,9.66378e-01,4.41830e-01,5.36000e+02,1.56440e-01,-1.44689e+00,3.03806e+02,8.78158e-01,1.00000e+00,1.48148e-01,1.00000e-01,1.00000e-01,1.08852e-02
-1.00000e+00,-1.00000e+00,-1.00000e+00,6.94000e+02,1.16200e+03,3.13859e+04,-3.37549e+03,-8.51940e+02,1.75865e+04,-9.87284e+02,-4.22049e-01,3.36230e-01,2.14531e+06,3.65299e-01,2.51431e+04,1.87228e-01,3.27728e-01,4.37719e-01,6.49894e-01,8.55237e-01,9.15264e-03,0.00000e+00,2.60358e-02,1.24016e+04,4.68560e+01,8.23351e-01,8.13341e-01,4.14594e-01,5.18000e+02,3.31956e-01,-3.95433e-01,9.71410e+00,8.46011e-01,1.00000e+00,2.22222e-01,3.33333e-02,1.00000e-01,5.54389e-02
-1.00000e+00,-1.00000e+00,-1.00000e+00,9.30000e+01,1.74200e+03,5.68350e+03,-1.24470e+03,-3.99076e+02,2.94567e+03,2.42492e+02,6.11662e-01,1.11684e+00,7.52779e+05,2.61239e-01,3.52095e+03,1.28426e-01,2.35400e-01,3.58699e-01,5.31858e-01,7.49971e-01,4.08934e-02,8.80226e-03,2.97542e-01,1.49724e+03,2.60254e+01,9.39547e-01,9.26600e-01,3.78940e-01,3.43000e+02,5.14618e-01,4.43896e-01,8.55414e-01,7.82263e-01,1.00000e+00,1.20000e-01,1.00000e-01,1.00000e-01,1.25823e-01
-1.00000e+00,-1.00000e+00,-1.00000e+00,5.30000e+02,1.11000e+03,9.71427e+03,1.30345e+03,1.01526e+03,5.32632e+03,5.18679e+02,6.93413e-01,-9.67002e-02,1.49487e+06,3.72748e-01,8.35699e+03,1.92759e-01,3.49074e-01,4.86641e-01,6.55217e-01,8.31335e-01,9.83284e-04,-8.51621e-03,3.50350e-01,4.14816e+03,6.18722e+01,9.93075e-01,9.50356e-01,3.89239e-01,4.76000e+02,3.05929e-01,-2.67271e-01,5.55977e-01,8.41770e-01,1.00000e+00,4.34783e-02,3.33333e-02,-1.00000e-01,1.31702e-01
-1.00000e+00,-1.00000e+00,-1.00000e+00,3.26000e+02,7.99000e+02,3.48726e+03,-4.02564e+02,-4.41961e+02,1.77347e+03,-1.76186e+01,-7.60850e-02,-1.60671e-01,1.00372e+06,3.18591e-01,2.46691e+03,1.58944e-01,2.91198e-01,4.22976e-01,5.91386e-01,7.86118e-01,2.64971e-04,3.97246e-03,1.40171e+00,1.23031e+03,4.31482e+01,9.39879e-01,9.27294e-01,1.70957e-01,1.00000e+00,4.11282e-01,-9.79288e-02,9.68030e-01,8.08367e-01,1.00000e+00,0.00000e+00,-3.33333e-02,-1.66667e-01,1.72270e-01
-1.00000e+00,-1.00000e+00,-1.00000e+00,2.06200e+03,6.48000e+02,1.15566e+04,2.21908e+03,2.14631e+03,5.93307e+03,2.22655e+02,2.61430e-01,-8.71145e-02,2.27680e+06,3.12198e-01,7.94574e+03,1.58856e-01,2.87742e-01,4.08028e-01,5.78040e-01,7.68823e-01,1.45015e-02,1.35870e-02,4.02945e-01,3.97427e+03,5.46222e+01,9.86020e-01,9.45646e-01,3.02545e-01,1.13000e+02,4.78261e-01,-2.61571e-01,4.88188e-01,8.06365e-01,7.32015e-01,7.69231e-02,3.33333e-02,-1.66667e-01,8.31785e-02
-1.00000e+00,-1.00000e+00,-1.00000e+00,1.50500e+03,1.70800e+03,2.79596e+04,-2.74007e+02,-7.13134e+02,1.36450e+04,-1.39628e+03,-7.84035e-01,-5.63185e-02,2.31289e+06,3.01768e-01,1.82856e+04,1.44940e-01,2.76716e-01,3.81368e-01,5.28565e-01,7.26618e-01,1.82648e-02,3.13748e-03,1.12925e-01,9.05328e+03,5.75736e+01,9.80741e-01,9.33764e-01,3.66639e-01,3.77000e+02,4.04450e-01,-1.17269e-02,1.11177e-01,8.00768e-01,1.00000e+00,1.15385e-01,1.00000e-01,3.33333e-02,5.89335e-02
-1.00000e+00,-1.00000e+00,-1.00000e+00,1.17900e+03,1.10400e+03,3.10947e+04,2.82719e+03,8.89694e+03,1.57534e+04,9.87328e+02,5.26712e-01,2.31344e+00,1.57382e+06,1.22774e-01,5.53540e+03,2.98948e-02,6.05978e-02,9.87888e-02,2.59245e-01,5.93751e-01,7.54645e-02,1.06101e-02,2.77208e-02,2.31617e+03,2.89038e+01,9.82891e-01,9.73340e-01,3.35733e-01,2.13000e+02,8.00682e-01,1.05558e-01,1.00472e+01,6.63980e-01,1.00000e+00,9.09091e-02,-3.33333e-02,2.33333e-01,5.47222e-02
-1.00000e+00,-1.00000e+00,-1.00000e+00,1.58400e+03,1.12500e+03,8.76978e+03,-6.87588e+02,7.94268e+02,4.32857e+03,2.75238e+02,4.72569e-01,1.98530e+00,1.39438e+06,1.63110e-01,4.30843e+03,1.23486e-01,2.33404e-01,3.31726e-01,4.79583e-01,7.00673e-01,3.21731e-02,6.43087e-03,1.81986e-01,1.82127e+03,2.44679e+01,9.96826e-01,9.76214e-01,3.51476e-01,2.49000e+02,7.17919e-01,2.77544e-01,4.41807e-03,7.27302e-01,1.00000e+00,1.15385e-01,1.66667e-01,1.00000e-01,9.50162e-02
-1.00000e+00,-1.00000e+00,-1.00000e+00,1.03900e+03,1.24600e+03,1.14555e+05,1.87324e+04,1.01123e+04,5.96188e+04,-1.96283e+03,-7.14626e-02,-1.00330e-01,2.15056e+07,3.43043e-01,9.16029e+04,1.44662e-01,2.84259e-01,4.57658e-01,6.11594e-01,7.43509e-01,1.47142e-02,-1.04638e-02,1.82630e-01,4.05517e+04,3.17436e+01,9.85777e-01,9.71360e-01,3.66407e-01,4.78000e+02,3.93948e-01,-1.35112e-01,4.34402e+00,8.24130e-01,1.00000e+00,1.53846e-01,-1.00000e-01,1.00000e-01,1.15611e-01
-1.00000e+00,-1.00000e+00,-1.00000e+00,2.33000e+02,9.15000e+02,2.05547e+04,-3.11868e+03,4.29320e+03,1.30498e+04,8.35066e+02,4.46121e-01,8.25173e-01,1.29716e+06,2.41340e-01,2.15398e+04,1.68188e-01,4.58742e-01,5.76334e-01,7.14047e-01,8.58868e-01,2.32381e-02,1.75105e-02,3.55135e-02,4.44869e+03,2.54193e+01,9.98935e-01,9.85816e-01,4.43277e-01,3.28000e+02,5.54625e-01,-3.43349e-01,3.69598e-01,8.90283e-01,1.00000e+00,2.00000e-01,1.66667e-01,1.66667e-01,6.39231e-02
-1.00000e+00,-1.00000e+00,-1.00000e+00,6.80000e+01,6.90000e+02,1.25767e+05,-1.16673e+05,-4.79041e+04,9.66521e+04,2.28743e+03,1.89923e-01,7.20454e-01,1.45688e+06,2.91667e-01,1.80306e+05,1.85185e-01,5.52126e-01,7.34825e-01,8.65547e-01,9.59696e-01,2.76091e-04,1.93157e-03,5.82144e-04,1.09639e+04,4.61557e+01,9.64883e-01,9.38712e-01,4.56932e-01,4.85000e+02,5.82230e-01,-4.58289e-01,2.15911e+00,8.86645e-01,1.00000e+00,2.96296e-01,1.66667e-01,3.33333e-02,1.45649e-02
-1.00000e+00,-1.00000e+00,-1.00000e+00,1.37000e+02,3.99000e+02,9.86668e+03,-6.13199e+03,-2.77817e+03,6.33642e+03,-7.64057e+02,-9.19489e-01,4.19626e-01,9.28071e+05,3.40401e-01,1.11443e+04,4.25284e-01,5.37667e-01,6.21197e-01,7.36272e-01,8.69728e-01,3.44037e-03,-1.74785e-02,8.12821e-02,3.99750e+03,3.77478e+01,9.61096e-01,8.85799e-01,4.60604e-01,7.47000e+02,3.14613e-01,-6.23938e-01,1.72332e+00,9.22436e-01,1.00000e+00,1.53846e-01,-1.00000e-01,-1.00000e-01,9.81024e-02
-1.00000e+00,-1.00000e+00,-1.00000e+00,1.11000e+02,1.16000e+03,4.12372e+03,6.50554e+02,8.51374e+02,2.12710e+03,-1.42993e+02,-5.10934e-01,3.10992e-01,8.74571e+05,3.29485e-01,2.94682e+03,1.54334e-01,2.84939e-01,4.13571e-01,5.90641e-01,7.90356e-01,5.92417e-04,3.84843e-03,7.26672e-01,1.44861e+03,4.54003e+01,9.48860e-01,9.43098e-01,3.34375e-01,4.01000e+02,4.07638e-01,-9.59125e-01,3.44627e-01,8.18887e-01,1.00000e+00,1.85185e-01,-1.00000e-01,1.00000e-01,1.45660e-01
-1.00000e+00,-1.00000e+00,-1.00000e+00,6.79000e+02,5.69000e+02,6.37330e+03,-2.70015e+03,-2.67688e+03,3.41715e+03,-3.54976e+02,-8.43821e-01,8.05400e-02,1.08325e+06,3.59989e-01,5.14504e+03,1.63697e-01,3.15935e-01,4.60369e-01,6.35350e-01,8.18887e-01,2.64061e-03,-7.38981e-03,3.84011e-01,2.58350e+03,3.84814e+01,9.78972e-01,9.53238e-01,3.69145e-01,6.42000e+02,3.56558e-01,1.61262e-01,4.66255e-02,8.27522e-01,1.00000e+00,1.48148e-01,-1.00000e-01,-1.00000e-01,1.20451e-01
-1.00000e+00,-1.00000e+00,-1.00000e+00,1.74800e+03,3.48000e+02,2.63098e+03,-3.29737e+02,-2.99614e+02,1.37910e+03,-7.49997e+01,-4.14095e-01,9.24407e-02,7.32403e+05,3.25860e-01,1.89987e+03,1.57842e-01,2.89490e-01,4.22287e-01,5.98192e-01,7.94645e-01,1.89573e-03,4.42059e-03,1.35123e+00,9.49948e+02,2.90989e+01,9.93232e-01,9.83177e-01,2.20553e-01,1.00000e+00,4.38901e-01,-2.47237e+00,5.48060e-01,8.00590e-01,9.95123e-01,7.69231e-02,3.33333e-02,-1.00000e-01,2.09728e-01
-1.00000e+00,-1.00000e+00,-1.00000e+00,5.84000e+02,9.60000e+01,3.16689e+03,1.89914e+02,2.68671e+02,1.63014e+03,-7.20417e+01,-3.14366e-01,2.20076e-01,8.11479e+05,3.32285e-01,2.26791e+03,1.53912e-01,2.88330e-01,4.16564e-01,5.95958e-01,7.83633e-01,1.14449e-03,-5.71919e-04,1.21272e+00,1.12655e+03,3.91269e+01,9.00927e-01,8.86933e-01,2.38055e-01,6.00000e+00,4.06348e-01,-1.50678e+00,8.05779e-02,8.09614e-01,1.00000e+00,7.40741e-02,3.33333e-02,1.00000e-01,1.64312e-01
-1.00000e+00,-1.00000e+00,-1.00000e+00,1.95300e+03,1.20800e+03,1.02557e+04,9.39871e+02,1.21785e+03,5.40055e+03,3.42981e+02,4.04090e-01,8.42558e-01,1.02026e+06,2.98882e-01,7.43346e+03,2.23321e-01,3.28877e-01,4.25964e-01,5.64312e-01,7.99841e-01,3.84034e-02,-3.02206e-03,1.13377e-01,3.95026e+03,2.87840e+01,9.98049e-01,9.84583e-01,3.92555e-01,3.35000e+02,3.21547e-01,8.15646e-01,4.30919e+00,8.11628e-01,1.00000e+00,1.60000e-01,-3.33333e-02,1.00000e-01,1.07158e-01
-1.00000e+00,-1.00000e+00,-1.00000e+00,1.01000e+02,1.64100e+03,5.88753e+03,-2.93825e+03,-1.51476e+03,3.47727e+03,3.63104e+02,7.60090e-01,9.92205e-01,7.90214e+05,2.78386e-01,4.82963e+03,9.57239e-02,2.21710e-01,4.45601e-01,6.66586e-01,8.51347e-01,2.32717e-02,1.06019e-02,1.79619e-01,1.42493e+03,2.28936e+01,9.40710e-01,9.26585e-01,4.11131e-01,4.62000e+02,5.09576e-01,5.93623e-01,3.10446e-01,8.31256e-01,1.00000e+00,2.17391e-01,1.66667e-01,1.00000e-01,1.25313e-01
-1.00000e+00,-1.00000e+00,-1.00000e+00,1.23000e+02,1.11600e+03,4.77382e+04,-3.00590e+04,2.47851e+03,3.84219e+04,3.94130e+03,7.96441e-01,2.65231e-01,2.08553e+06,3.12651e-01,7.78179e+04,5.97001e-01,7.54701e-01,8.41734e-01,8.95057e-01,9.48451e-01,0.00000e+00,-1.50602e-03,6.24242e-03,5.82279e+03,2.87700e+01,9.92138e-01,9.81466e-01,4.82003e-01,6.29000e+02,5.21988e-01,9.11183e-01,1.49857e+04,9.65251e-01,1.00000e+00,3.20000e-01,-1.00000e-01,3.33333e-02,4.56198e-02
-1.00000e+00,-1.00000e+00,-1.00000e+00,1.13000e+03,7.54000e+02,1.80499e+04,3.30988e+03,4.47292e+03,1.14981e+04,9.91508e+02,6.64646e-01,3.41975e-01,1.50783e+06,3.87590e-01,2.03728e+04,3.74610e-01,4.98170e-01,6.10732e-01,7.46808e-01,8.81271e-01,2.99940e-04,5.69544e-03,6.81067e-02,9.76525e+03,4.29325e+01,8.79896e-01,7.45134e-01,4.50776e-01,4.80000e+02,1.01918e-01,8.84292e-01,4.35371e+01,9.07294e-01,1.00000e+00,1.92308e-01,-3.33333e-02,1.66667e-01,8.44930e-02
-1.00000e+00,-1.00000e+00,-1.00000e+00,2.64000e+02,1.13700e+03,1.47332e+04,-2.30474e+03,-3.32461e+03,8.06276e+03,8.42815e+02,7.56862e-01,-3.02534e-01,3.28322e+06,3.49640e-01,1.25277e+04,1.89525e-01,3.44918e-01,4.85065e-01,6.46503e-01,8.28707e-01,2.01555e-03,-4.02878e-03,3.89217e-01,6.02415e+03,4.56891e+01,9.85182e-01,9.44423e-01,3.90628e-01,6.45000e+02,3.33237e-01,-1.20976e+00,2.10242e+00,8.38950e-01,1.00000e+00,7.40741e-02,3.33333e-02,3.33333e-02,1.16919e-01
-1.00000e+00,-1.00000e+00,-1.00000e+00,1.47300e+03,1.66100e+03,2.74354e+04,-5.95837e+03,-7.15614e+03,1.63470e+04,1.14364e+01,5.75681e-03,-1.61812e-01,1.81767e+06,4.27666e-01,2.85160e+04,1.98501e-01,3.91646e-01,5.67095e-01,7.36228e-01,8.74391e-01,0.00000e+00,-3.85781e-03,5.37736e-02,1.42307e+04,6.28662e+01,9.68450e-01,8.77276e-01,2.56878e-01,2.03000e+02,2.53789e-01,-8.11936e-01,1.39456e+00,8.57282e-01,1.00000e+00,2.22222e-01,-3.33333e-02,-1.00000e-01,5.67473e-02
-1.00000e+00,-1.00000e+00,-1.00000e+00,1.87700e+03,1.60000e+03,1.10976e+04,-1.54419e+03,-1.21156e+03,6.29660e+03,6.69663e+02,8.10824e-01,3.05191e-01,1.31510e+06,3.86085e-01,1.02774e+04,1.88393e-01,3.57680e-01,5.11966e-01,6.63962e-01,8.36455e-01,1.14123e-02,6.84346e-03,1.11700e-01,5.15212e+03,8.54325e+01,9.90953e-01,9.12126e-01,3.96679e-01,5.74000e+02,3.06530e-01,-9.09951e-01,1.18380e+00,8.40020e-01,1.00000e+00,1.92308e-01,-3.33333e-02,1.66667e-01,6.86080e-02
-1.00000e+00,-1.00000e+00,-1.00000e+00,3.55000e+02,8.50000e+01,1.10136e+04,2.77916e+03,2.45061e+03,5.79863e+03,-6.19478e+02,-8.73748e-01,2.54891e-01,1.42908e+06,3.46005e-01,8.78390e+03,1.60678e-01,3.28601e-01,4.69980e-01,6.19504e-01,7.87044e-01,1.94049e-02,-1.18955e-02,1.48867e-01,4.33524e+03,3.61427e+01,9.88229e-01,9.76526e-01,3.91484e-01,7.14000e+02,4.04706e-01,-6.66645e-01,3.80939e-01,7.99036e-01,1.00000e+00,7.40741e-02,-1.00000e-01,-1.00000e-01,6.61139e-02
-1.00000e+00,-1.00000e+00,-1.00000e+00,5.58000e+02,1.87400e+03,7.42794e+03,1.84595e+03,1.75868e+03,4.26618e+03,-1.21704e+02,-2.16701e-01,3.21057e-02,1.08165e+06,4.03278e-01,7.20734e+03,1.89851e-01,3.72773e-01,5.35904e-01,6.99715e-01,8.48021e-01,0.00000e+00,-1.75593e-03,2.15166e-01,3.62229e+03,5.09028e+01,9.58692e-01,8.83843e-01,4.03289e-01,4.72000e+02,2.86216e-01,-1.47979e+00,1.59510e+01,8.50198e-01,1.00000e+00,2.30769e-01,1.66667e-01,3.33333e-02,9.03170e-02
-1.00000e+00,-1.00000e+00,-1.00000e+00,1.98500e+03,6.23000e+02,4.30733e+03,7.41414e+02,6.25307e+02,2.23609e+03,-2.21478e+02,-6.33557e-01,-1.70084e-01,9.30755e+05,3.33094e-01,3.17403e+03,1.68295e-01,3.00325e-01,4.31675e-01,5.97849e-01,7.82742e-01,2.15285e-03,7.17103e-04,8.38780e-01,1.58060e+03,3.93526e+01,9.59490e-01,9.58070e-01,3.26788e-01,2.46000e+02,4.40660e-01,-2.32239e-01,2.73441e+00,8.18085e-01,1.00000e+00,4.76190e-02,3.33333e-02,-2.33333e-01,1.61797e-01
-1.00000e+00,-1.00000e+00,-1.00000e+00,1.48000e+02,1.76500e+03,2.33984e+04,1.27388e+03,1.20086e+04,1.64444e+04,1.49234e+03,7.38380e-01,7.84204e-01,1.47096e+06,2.43142e-01,2.70448e+04,4.66497e-02,4.90279e-01,6.05205e-01,7.84997e-01,9.15744e-01,2.39808e-03,-6.39148e-03,2.09728e-02,2.69679e+03,3.51586e+01,9.79222e-01,9.60151e-01,4.58313e-01,5.88000e+02,6.22104e-01,7.23885e-01,3.08235e+02,9.03431e-01,1.00000e+00,2.22222e-01,3.00000e-01,-1.66667e-01,6.32939e-02
-1.00000e+00,-1.00000e+00,-1.00000e+00,1.95000e+02,1.15200e+03,9.49091e+03,-4.04405e+03,-2.54108e+03,4.76413e+03,4.09318e+02,6.58148e-01,1.33997e+00,9.01603e+05,2.32059e-01,5.74638e+03,1.19786e-01,2.30008e-01,3.50339e-01,4.93249e-01,6.62505e-01,5.62095e-02,9.70588e-03,1.06661e-01,2.37173e+03,4.64895e+01,8.88757e-01,7.13932e-01,3.74671e-01,3.82000e+02,5.03235e-01,-4.10580e-01,5.48598e+00,7.75350e-01,1.00000e+00,7.69231e-02,-1.66667e-01,-1.66667e-01,8.54659e-02
-1.00000e+00,-1.00000e+00,-1.00000e+00,1.72000e+03,1.63300e+03,4.07756e+03,3.08368e+02,3.25399e+02,2.11361e+03,-4.97548e+01,-1.81470e-01,1.53296e-02,1.08018e+06,3.32160e-01,2.95773e+03,1.51068e-01,2.84249e-01,4.20535e-01,5.92078e-01,7.85938e-01,1.08342e-03,1.21819e-02,9.69791e-01,1.48242e+03,3.21595e+01,9.87792e-01,9.44957e-01,2.90689e-01,1.47000e+02,4.24743e-01,-7.92223e-01,1.48815e+00,8.04954e-01,9.96814e-01,1.11111e-01,-3.33333e-02,3.33333e-02,1.62429e-01
-1.00000e+00,-1.00000e+00,-1.00000e+00,3.02000e+02,1.05500e+03,1.39033e+04,2.51619e+03,4.13662e+03,7.05352e+03,-4.79471e+02,-5.60575e-01,1.28738e+00,1.99685e+06,2.26767e-01,5.56732e+03,7.93964e-02,1.52238e-01,2.27149e-01,3.85431e-01,8.13149e-01,5.10231e-02,0.00000e+00,1.53716e-01,2.76999e+03,3.71819e+01,9.78902e-01,9.57398e-01,3.14983e-01,3.23000e+02,6.21020e-01,9.58554e-01,8.65211e+00,7.12376e-01,1.00000e+00,1.48148e-01,3.33333e-02,-1.00000e-01,6.82342e-02
-1.00000e+00,-1.00000e+00,-1.00000e+00,2.43000e+02,4.94000e+02,8.71260e+04,2.81095e+04,1.58214e+04,5.54855e+04,-7.37404e+03,-9.98073e-01,-1.54084e-02,2.15397e+06,4.07152e-01,9.75716e+04,3.18110e-01,4.50402e-01,5.85777e-01,7.49647e-01,9.06861e-01,0.00000e+00,-6.88976e-03,4.66886e-03,4.88459e+04,2.87488e+01,9.91562e-01,9.51904e-01,4.52381e-01,6.85000e+02,1.50591e-01,1.84993e-01,4.14074e+03,9.09630e-01,1.00000e+00,1.66667e-01,1.66667e-01,-3.33333e-02,2.26636e-02
-1.00000e+00,-1.00000e+00,-1.00000e+00,1.04400e+03,1.62600e+03,4.46678e+03,-1.71860e+03,-1.59815e+03,2.27356e+03,-1.34705e+02,-4.04096e-01,2.22138e-01,1.09195e+06,3.23229e-01,3.06615e+03,1.57193e-01,2.77890e-01,4.06786e-01,5.79674e-01,7.84619e-01,2.62467e-03,2.91460e-03,9.42820e-01,1.54238e+03,3.78237e+01,9.56556e-01,9.38542e-01,2.46869e-01,9.50000e+01,4.66919e-01,-1.53035e+00,3.47552e+00,8.00805e-01,1.00000e+00,7.69231e-02,1.66667e-01,-1.00000e-01,1.53535e-01
-1.00000e+00,-1.00000e+00,-1.00000e+00,3.53000e+02,1.35200e+03,2.92353e+03,9.60287e+01,1.16334e+02,1.53859e+03,-1.02685e+02,-4.88926e-01,-6.97791e-02,7.61214e+05,3.47975e-01,2.26777e+03,1.77225e-01,3.11936e-01,4.46245e-01,6.16363e-01,7.90332e-01,0.00000e+00,2.09334e-02,1.17536e+00,1.13356e+03,3.54471e+01,9.69188e-01,9.22438e-01,3.02502e-01,4.10000e+01,3.73370e-01,-4.50049e-01,6.86841e-01,8.17342e-01,1.00000e+00,0.00000e+00,1.66667e-01,-3.33333e-02,1.91196e-01
-1.00000e+00,-1.00000e+00,-1.00000e+00,2.51000e+02,1.45200e+03,6.40911e+03,1.83880e+03,2.41535e+03,3.00364e+03,-1.96026e+02,-4.43406e-01,1.27714e+00,1.09270e+06,2.18073e-01,2.94559e+03,1.01696e-01,1.87729e-01,2.79896e-01,4.12874e-01,6.96968e-01,3.57928e-02,9.41324e-03,4.48891e-01,1.44771e+03,4.70944e+01,9.48287e-01,9.41344e-01,2.60670e-01,1.80000e+02,5.84248e-01,3.05204e-01,5.16483e+00,7.40243e-01,1.00000e+00,1.15385e-01,-3.33333e-02,-3.33333e-02,1.41267e-01
-1.00000e+00,-1.00000e+00,-1.00000e+00,2.02000e+03,9.45000e+02,3.66579e+03,2.80656e+02,2.85980e+02,1.86738e+03,1.91070e+01,7.88571e-02,1.18340e-01,1.09577e+06,3.13433e-01,2.49418e+03,1.49056e-01,2.83147e-01,4.01329e-01,5.68383e-01,7.76142e-01,2.48894e-03,1.57546e-02,1.22987e+00,1.24642e+03,3.91264e+01,9.92718e-01,9.14281e-01,2.03660e-01,3.20000e+01,4.85627e-01,-1.44679e-02,2.24415e-01,8.00502e-01,9.20844e-01,7.40741e-02,1.00000e-01,-3.33333e-02,1.47482e-01
-1.00000e+00,-1.00000e+00,-1.00000e+00,1.10300e+03,6.06000e+02,3.99327e+03,1.64192e+03,1.26821e+03,2.21459e+03,2.32674e+02,7.88014e-01,-4.19436e-01,7.11208e+05,3.53286e-01,3.41868e+03,1.83579e-01,3.35004e-01,4.88421e-01,6.55071e-01,8.38086e-01,2.34880e-03,1.08568e-02,4.68773e-01,1.61399e+03,4.07246e+01,9.37237e-01,9.26367e-01,3.90266e-01,6.06000e+02,3.64143e-01,3.34302e-01,2.33942e-01,8.35239e-01,1.00000e+00,0.00000e+00,-1.00000e-01,3.33333e-02,1.64777e-01
-1.00000e+00,-1.00000e+00,-1.00000e+00,1.31300e+03,1.19100e+03,1.06949e+04,2.29166e+03,2.74130e+03,5.43272e+03,1.85766e+02,2.76101e-01,8.88035e-02,2.33625e+06,2.81775e-01,7.36306e+03,1.80942e-01,3.06511e-01,4.28441e-01,5.81291e-01,7.81841e-01,1.49764e-02,2.36345e-03,3.74656e-01,3.64620e+03,4.68214e+01,9.58546e-01,9.14201e-01,2.60622e-01,2.94000e+02,4.76628e-01,-2.79711e-01,6.99416e+00,8.01050e-01,1.00000e+00,7.40741e-02,-1.00000e-01,-1.66667e-01,9.21485e-02
-1.00000e+00,-1.00000e+00,-1.00000e+00,8.40000e+02,1.32500e+03,6.41214e+03,-3.81062e+03,-2.03042e+03,4.05419e+03,3.91990e+02,7.03217e-01,9.27317e-01,8.23863e+05,3.00813e-01,7.04721e+03,8.88766e-02,1.87550e-01,5.93811e-01,7.61953e-01,8.78159e-01,8.13609e-03,9.97783e-03,1.44582e-01,1.45843e+03,3.29795e+01,9.65392e-01,9.48954e-01,4.22118e-01,3.84000e+02,5.19217e-01,1.65582e+00,1.19576e+02,8.41274e-01,1.00000e+00,2.85714e-01,1.00000e-01,-1.00000e-01,1.35333e-01
-1.00000e+00,-1.00000e+00,-1.00000e+00,1.86900e+03,4.68000e+02,5.33432e+04,-5.50044e+03,-1.00188e+04,3.04074e+04,1.07151e+03,2.58513e-01,-1.25444e-01,2.77901e+06,3.98086e-01,4.68293e+04,1.00140e-01,2.93005e-01,4.71106e-01,6.71408e-01,8.59680e-01,8.70322e-04,-9.27805e-03,2.66954e-02,2.11207e+04,5.76478e+01,9.41222e-01,8.89768e-01,2.39355e-01,2.61000e+02,3.92578e-01,-1.38846e+00,7.39181e+01,8.22819e-01,1.00000e+00,1.92308e-01,-1.00000e-01,1.66667e-01,4.58465e-02
-1.00000e+00,-1.00000e+00,-1.00000e+00,9.79000e+02,1.74000e+03,4.15709e+03,1.05511e+03,1.70890e+03,2.22625e+03,6.43148e+01,2.19236e-01,1.05540e+00,6.28261e+05,2.75709e-01,2.54973e+03,1.16939e-01,2.16789e-01,3.48545e-01,5.78595e-01,8.18505e-01,1.83323e-02,2.51182e-02,3.36202e-01,1.09299e+03,4.53556e+01,9.93022e-01,9.17575e-01,2.02955e-01,1.92000e+02,4.98227e-01,-2.91775e-01,7.59962e-02,7.86800e-01,1.00000e+00,1.53846e-01,3.33333e-02,-1.00000e-01,1.29526e-01
-1.00000e+00,-1.00000e+00,-1.00000e+00,1.90600e+03,6.51000e+02,6.55536e+03,1.00735e+02,-1.05610e+02,3.53305e+03,5.08695e+00,1.02125e-02,-2.55517e-01,9.75116e+05,3.65771e-01,5.49280e+03,1.91513e-01,3.55137e-01,4.90540e-01,6.58425e-01,8.33328e-01,6.06290e-03,-3.02916e-03,3.15035e-01,2.74574e+03,4.03769e+01,9.94198e-01,9.66921e-01,3.90354e-01,3.27000e+02,3.19197e-01,-1.89133e+00,2.64989e+00,8.36983e-01,1.00000e+00,2.00000e-01,-1.66667e-01,1.66667e-01,1.08158e-01
-1.00000e+00,-1.00000e+00,-1.00000e+00,2.05300e+03,1.02500e+03,3.98384e+05,-2.98191e+05,-2.49038e+05,2.38687e+05,-2.84485e+04,-9.45536e-01,7.41805e-01,7.98259e+06,2.11255e-01,3.94339e+05,1.69316e-01,4.49973e-01,5.45676e-01,6.52878e-01,8.39489e-01,4.56958e-02,-8.63288e-02,1.70804e-03,1.84484e+05,3.57353e+01,9.08376e-01,7.81332e-01,4.17489e-01,7.03000e+02,2.54862e-01,-5.70330e-01,5.57146e+02,8.47322e-01,1.00000e+00,1.60000e-01,-1.66667e-01,3.33333e-02,1.41222e-02
-1.00000e+00,-1.00000e+00,-1.00000e+00,6.34000e+02,6.31000e+02,9.77587e+03,-2.43928e+03,-1.13842e+03,4.97015e+03,3.13818e+02,4.62578e-01,1.57353e+00,1.15611e+06,2.05012e-01,3.78219e+03,8.02260e-02,1.47469e-01,2.12074e-01,3.44702e-01,7.59932e-01,6.96621e-02,4.17682e-03,2.39184e-01,1.85109e+03,2.93955e+01,9.74861e-01,9.49237e-01,3.22582e-01,2.45000e+02,6.31048e-01,1.32574e+00,3.05530e+01,7.08279e-01,1.00000e+00,1.36364e-01,-1.00000e-01,-1.66667e-01,1.16835e-01
-1.00000e+00,-1.00000e+00,-1.00000e+00,1.67300e+03,6.47000e+02,2.54099e+03,-5.95849e+02,-5.84431e+02,1.29696e+03,-8.91732e+01,-4.91502e-01,1.04949e-02,7.38516e+05,3.29144e-01,1.83170e+03,1.62999e-01,2.98549e-01,4.28540e-01,5.92365e-01,7.98862e-01,0.00000e+00,1.28665e-02,1.37080e+00,9.14149e+02,5.16813e+01,8.51277e-01,7.95398e-01,2.60213e-01,1.00000e+00,4.18612e-01,-1.67115e+00,1.88549e-01,8.11281e-01,9.99519e-01,0.00000e+00,1.00000e-01,-3.33333e-02,2.40806e-01
-1.00000e+00,-1.00000e+00,-1.00000e+00,1.03100e+03,1.16500e+03,7.35290e+04,-2.86110e+03,1.22699e+04,3.76162e+04,-1.00087e+03,-1.66909e-01,2.20227e+00,1.88483e+06,1.32592e-01,1.76151e+04,4.40998e-02,8.55351e-02,1.44416e-01,3.50705e-01,6.55433e-01,7.27740e-02,-4.57656e-02,8.47670e-03,6.67397e+03,5.85289e+01,9.74345e-01,9.31935e-01,1.92581e-01,8.20000e+01,7.73311e-01,-1.89959e+00,1.68349e+00,7.00496e-01,1.00000e+00,1.66667e-01,1.00000e-01,-2.33333e-01,2.65541e-02
-1.00000e+00,-1.00000e+00,-1.00000e+00,1.16700e+03,6.36000e+02,3.20349e+04,-4.69997e+03,-7.62087e+03,1.87278e+04,2.33443e+03,8.94580e-01,-5.06322e-01,1.98830e+06,3.81842e-01,2.49659e+04,1.47080e-01,2.78663e-01,4.26443e-01,7.53847e-01,8.84376e-01,4.26369e-03,4.58866e-03,3.70878e-02,1.21091e+04,5.69483e+01,9.72503e-01,9.50301e-01,3.90884e-01,4.99000e+02,3.49394e-01,2.30893e-01,2.08565e+01,8.18086e-01,1.00000e+00,1.66667e-01,-3.33333e-02,-1.66667e-01,4.67204e-02
-1.00000e+00,-1.00000e+00,-1.00000e+00,1.00000e+02,1.09500e+03,2.88312e+03,1.40703e+03,1.39550e+03,1.48663e+03,-2.36508e+00,-1.12925e-02,-8.26726e-03,8.36404e+05,3.30302e-01,2.05899e+03,1.61171e-01,2.91594e-01,4.18924e-01,5.95302e-01,7.87200e-01,2.93513e-04,-1.76005e-03,1.40834e+00,1.03197e+03,3.42339e+01,9.04040e-01,8.19366e-01,2.44342e-01,1.00000e+00,4.16838e-01,-1.21122e+00,2.21981e-01,8.09426e-01,9.93386e-01,0.00000e+00,-1.66667e-01,3.33333e-02,1.84231e-01
-1.00000e+00,-1.00000e+00,-1.00000e+00,9.98000e+02,1.67000e+03,1.83178e+04,-5.37226e+03,9.22910e+02,1.13984e+04,1.00805e+03,7.31970e-01,8.24621e-01,1.35715e+06,2.70688e-01,1.83338e+04,8.38967e-02,4.74636e-01,5.61163e-01,7.13227e-01,8.52820e-01,2.50193e-02,9.28074e-03,4.97239e-02,3.56992e+03,2.49897e+01,9.87481e-01,9.15287e-01,4.48726e-01,5.82000e+02,5.77468e-01,1.09752e+00,1.19159e+02,9.28496e-01,1.00000e+00,2.22222e-01,-1.00000e-01,-1.00000e-01,7.29362e-02
-1.00000e+00,-1.00000e+00,-1.00000e+00,1.64500e+03,1.82100e+03,2.38928e+05,-1.76399e+04,-4.24598e+04,1.24106e+05,3.18184e+03,1.93954e-01,-9.32293e-01,7.00124e+06,2.73608e-01,1.60101e+05,1.40975e-01,2.46937e-01,3.58066e-01,4.98657e-01,6.42090e-01,8.14630e-02,-2.76932e-03,2.90096e-03,7.42298e+04,4.15129e+01,9.66504e-01,9.47964e-01,3.27979e-01,2.55000e+02,3.63888e-01,6.14718e-01,4.72204e+01,7.82749e-01,1.00000e+00,1.48148e-01,-3.33333e-02,-1.00000e-01,2.35254e-02
-1.00000e+00,-1.00000e+00,-1.00000e+00,1.12700e+03,1.76400e+03,3.38500e+03,-3.29030e+02,-1.34087e+02,1.51371e+03,-7.43107e+01,-3.73398e-01,1.36092e+00,6.34819e+05,2.18161e-01,1.62704e+03,1.14621e-01,2.20689e-01,3.26570e-01,4.64199e-01,6.35703e-01,3.74456e-02,1.04439e-02,7.92614e-01,8.14756e+02,3.71809e+01,8.79778e-01,8.68868e-01,2.18578e-01,1.05000e+02,6.22860e-01,7.59066e-01,7.01439e-01,7.47690e-01,1.00000e+00,7.40741e-02,1.00000e-01,-1.00000e-01,1.60536e-01
-1.00000e+00,-1.00000e+00,-1.00000e+00,8.18000e+02,1.37200e+03,5.96265e+03,1.53254e+03,1.81327e+03,3.18518e+03,1.81508e+02,4.40048e-01,3.01305e-01,1.26615e+06,3.47254e-01,4.83575e+03,1.80031e-01,3.30825e-01,4.65202e-01,6.19105e-01,7.93491e-01,3.14825e-03,-3.14645e-03,5.77385e-01,2.38117e+03,3.26346e+01,9.82419e-01,9.30273e-01,3.42529e-01,2.59000e+02,3.53833e-01,-9.76269e-01,1.38305e+00,8.19375e-01,1.00000e+00,1.15385e-01,-1.00000e-01,3.33333e-02,1.65002e-01
-1.00000e+00,-1.00000e+00,-1.00000e+00,6.45000e+02,1.13600e+03,7.35802e+03,-3.75320e+03,-2.73741e+03,4.33448e+03,-4.97898e+02,-8.77003e-01,3.20070e-01,1.12002e+06,3.87551e-01,7.47864e+03,1.99576e-01,4.05950e-01,5.62891e-01,7.13606e-01,8.56350e-01,0.00000e+00,-2.64240e-03,2.28587e-01,3.25900e+03,6.00873e+01,8.80572e-01,7.03396e-01,4.18866e-01,6.69000e+02,3.17381e-01,-1.35787e+00,4.99695e-01,8.62100e-01,1.00000e+00,2.30769e-01,-1.00000e-01,1.66667e-01,1.04189e-01
-1.00000e+00,-1.00000e+00,-1.00000e+00,1.03200e+03,7.39000e+02,8.09479e+04,-3.18724e+04,-2.98350e+04,5.14416e+04,4.96769e+03,7.63305e-01,-2.03631e-01,2.42795e+06,5.06671e-01,9.65991e+04,3.89152e-01,6.09325e-01,6.73128e-01,7.87831e-01,8.72120e-01,8.69295e-03,8.06702e-03,3.43678e-03,5.23930e+04,5.29672e+01,9.69935e-01,9.39404e-01,4.37707e-01,7.64000e+02,1.63202e-01,4.59753e-02,1.96872e+02,8.94606e-01,1.00000e+00,2.50000e-01,-1.00000e-01,3.33333e-02,1.88988e-02
-1.00000e+00,-1.00000e+00,-1.00000e+00,1.55400e+03,9.39000e+02,5.26158e+03,-1.31744e+03,-1.25709e+03,2.67977e+03,2.10383e+02,5.86627e-01,1.57275e-01,1.31371e+06,3.31787e-01,3.76534e+03,1.52504e-01,2.81404e-01,4.21366e-01,5.88960e-01,7.84758e-01,5.80383e-04,-1.30510e-02,8.33322e-01,1.88790e+03,5.14056e+01,7.72200e-01,6.21511e-01,2.89638e-01,1.21000e+02,4.22564e-01,-6.44189e-01,2.31294e+00,8.08895e-01,1.00000e+00,1.11111e-01,1.00000e-01,3.33333e-02,1.47647e-01
-1.00000e+00,-1.00000e+00,-1.00000e+00,9.34000e+02,8.61000e+02,4.97925e+03,-4.78688e+02,-1.95899e+01,2.27289e+03,-4.53852e+01,-1.44696e-01,1.72238e+00,7.11521e+05,1.99137e-01,1.99015e+03,9.51825e-02,1.74638e-01,2.44346e-01,3.60841e-01,5.96687e-01,4.85612e-02,1.83321e-02,5.01361e-01,9.85184e+02,2.43129e+01,9.85092e-01,9.50528e-01,2.69672e-01,1.43000e+02,6.39827e-01,-2.28201e-01,1.25997e-01,6.92684e-01,1.00000e+00,9.09091e-02,3.33333e-02,-3.33333e-02,1.22060e-01
-1.00000e+00,-1.00000e+00,-1.00000e+00,9.19000e+02,1.70000e+01,2.80740e+03,3.54799e+02,3.51956e+02,1.54460e+03,-1.35182e+02,-5.47034e-01,4.85849e-03,6.22100e+05,3.63466e-01,2.37608e+03,1.92746e-01,3.47757e-01,4.83026e-01,6.62974e-01,8.34967e-01,0.00000e+00,-2.06302e-02,7.65127e-01,1.18282e+03,3.82128e+01,9.68247e-01,9.57416e-01,3.84394e-01,4.28000e+02,3.45836e-01,-1.35761e+00,2.22423e-01,8.36465e-01,1.00000e+00,0.00000e+00,2.33333e-01,1.00000e-01,1.88336e-01
-1.00000e+00,-1.00000e+00,-1.00000e+00,1.19300e+03,1.47800e+03,8.01901e+03,6.13328e+02,1.45458e+03,3.91092e+03,1.94751e+02,4.16623e-01,1.33212e+00,1.52119e+06,2.32424e-01,3.74360e+03,9.63516e-02,1.81815e-01,2.67959e-01,4.12587e-01,6.92154e-01,5.42099e-02,1.30619e-02,4.43646e-01,1.87292e+03,2.49689e+01,9.02996e-01,8.84913e-01,3.06282e-01,1.88000e+02,6.10834e-01,-1.77659e-01,2.92521e+00,7.25831e-01,1.00000e+00,1.00000e-01,3.33333e-02,1.00000e-01,1.10616e-01
-1.00000e+00,-1.00000e+00,-1.00000e+00,1.17800e+03,2.00100e+03,8.55662e+03,1.57436e+03,3.35533e+03,5.05412e+03,1.14274e+02,1.72352e-01,6.30249e-01,9.40744e+05,3.43411e-01,8.11994e+03,1.41224e-01,3.18624e-01,5.25054e-01,7.02617e-01,8.64964e-01,6.75477e-03,0.00000e+00,9.56296e-02,2.81855e+03,4.21118e+01,9.91363e-01,9.73189e-01,4.17005e-01,3.29000e+02,4.39096e-01,-9.27741e-01,8.19243e+00,8.52264e-01,1.00000e+00,1.92308e-01,3.33333e-02,1.66667e-01,9.60770e-02
-1.00000e+00,-1.00000e+00,-1.00000e+00,1.61800e+03,9.91000e+02,5.57273e+03,-5.98797e+02,1.78636e+02,3.18670e+03,2.87702e+02,6.92096e-01,4.72987e-01,1.04557e+06,3.78779e-01,5.16114e+03,1.62516e-01,3.39989e-01,5.16010e-01,6.82611e-01,8.46203e-01,1.40056e-03,9.23852e-03,3.90831e-01,2.20681e+03,4.00363e+01,7.50950e-01,7.22377e-01,4.05964e-01,5.77000e+02,3.69541e-01,1.68554e-01,2.39583e+00,8.52640e-01,1.00000e+00,2.22222e-01,-3.33333e-02,3.33333e-02,1.41110e-01
-1.00000e+00,-1.00000e+00,-1.00000e+00,8.02000e+02,8.91000e+02,1.04416e+04,-9.92337e+02,-2.40768e+03,5.45726e+03,5.62442e+02,7.02206e-01,-1.22514e+00,1.36545e+06,2.23341e-01,5.43875e+03,1.00180e-01,1.97648e-01,2.92932e-01,4.62120e-01,8.31542e-01,4.65763e-02,6.94686e-03,2.30436e-01,2.56720e+03,6.40469e+01,8.42006e-01,8.37976e-01,3.37871e-01,2.95000e+02,5.19972e-01,-1.08186e+00,3.37987e-02,7.55974e-01,1.00000e+00,0.00000e+00,-3.33333e-02,1.00000e-01,1.11226e-01
-1.00000e+00,-1.00000e+00,-1.00000e+00,1.77800e+03,7.38000e+02,1.35985e+04,-8.60371e+03,-3.33228e+03,8.66256e+03,-1.02362e+03,-9.00741e-01,7.01315e-01,1.38885e+06,2.49004e-01,1.35314e+04,3.19289e-01,4.34027e-01,5.41635e-01,7.46772e-01,8.71767e-01,9.68109e-03,1.99203e-03,5.03215e-02,3.77647e+03,4.09073e+01,9.86677e-01,9.43481e-01,4.38796e-01,7.09000e+02,4.72965e-01,5.58049e-02,1.53102e+00,8.79975e-01,1.00000e+00,1.92308e-01,1.00000e-01,-2.33333e-01,8.76043e-02
-1.00000e+00,-1.00000e+00,-1.00000e+00,7.00000e+01,1.63400e+03,6.09077e+03,1.27313e+03,9.74624e+02,3.45987e+03,4.20241e+02,9.19393e-01,-1.93690e-01,8.57123e+05,3.83010e-01,5.68661e+03,2.11753e-01,3.81031e-01,5.20506e-01,6.77762e-01,8.34871e-01,5.80215e-04,3.47927e-03,2.53303e-01,2.82889e+03,3.98180e+01,9.95982e-01,9.59625e-01,4.09540e-01,6.80000e+02,2.80661e-01,-1.84984e+00,2.48072e+00,8.49110e-01,1.00000e+00,1.92308e-01,1.66667e-01,-1.00000e-01,1.00148e-01
-1.00000e+00,-1.00000e+00,-1.00000e+00,1.51900e+03,1.43500e+03,8.28392e+04,1.27524e+04,-1.60713e+04,5.27732e+04,6.04363e+03,8.99845e-01,-7.89006e-01,3.40466e+06,2.27074e-01,8.34462e+04,2.88496e-01,4.27364e-01,5.41784e-01,7.00587e-01,8.79901e-01,3.22228e-02,1.44651e-02,1.11166e-02,2.11559e+04,4.68495e+01,9.76730e-01,9.74682e-01,4.38279e-01,7.49000e+02,4.38592e-01,5.01942e-01,3.40175e+01,8.77429e-01,1.00000e+00,0.00000e+00,3.33333e-02,-1.00000e-01,4.09612e-02
-1.00000e+00,-1.00000e+00,-1.00000e+00,2.06200e+03,1.34700e+03,2.86411e+04,-1.59304e+04,-1.18136e+04,1.57838e+04,9.16519e+02,4.52421e-01,8.03459e-01,2.27532e+06,3.23642e-01,2.24925e+04,2.02681e-01,3.30888e-01,4.32554e-01,5.66492e-01,7.82399e-01,4.55543e-02,-5.75974e-03,6.22103e-02,1.05057e+04,2.93850e+01,9.79938e-01,9.35666e-01,3.49814e-01,4.08000e+02,3.24191e-01,-1.93195e+00,2.26834e+01,8.21168e-01,1.00000e+00,1.48148e-01,1.66667e-01,-3.33333e-02,6.46313e-02
-1.00000e+00,-1.00000e+00,-1.00000e+00,9.57000e+02,1.93300e+03,7.86346e+05,-5.39732e+05,-3.58240e+05,4.22419e+05,-4.35659e+04,-7.91872e-01,1.87676e+00,1.20072e+07,1.70933e-01,2.70616e+05,3.81766e-02,9.93459e-02,1.96860e-01,4.55364e-01,7.34974e-01,8.73648e-02,-5.60296e-02,1.25598e-03,9.65282e+04,3.16707e+01,9.99346e-01,9.58720e-01,3.68166e-01,4.33000e+02,7.35210e-01,6.79015e-01,8.57264e+02,7.18788e-01,1.00000e+00,1.53846e-01,-3.33333e-02,-1.00000e-01,1.22682e-02
