-1.00000e+00,-1.00000e+00,-1.00000e+00,6.22000e+02,1.76500e+03,-1.22133e+01,1.15287e-01,0.00000e+00,1.00000e+00,0.00000e+00,1.00000e+00,0.00000e+00,1.00000e+00,0.00000e+00,1.00000e+00,0.00000e+00,1.00000e+00,0.00000e+00,1.00000e+00,0.00000e+00,1.00000e+00,0.00000e+00,1.00000e+00,0.00000e+00,1.00000e+00,0.00000e+00,1.00000e+00,0.00000e+00,1.00000e+00,0.00000e+00,1.00000e+00,0.00000e+00,1.00000e+00,0.00000e+00,1.00000e+00,0.00000e+00,1.00000e+00,0.00000e+00,1.00000e+00,0.00000e+00,1.00000e+00,0.00000e+00,1.00000e+00,0.00000e+00,1.00000e+00,0.00000e+00,1.00000e+00,0.00000e+00,1.00000e+00,0.00000e+00,1.00000e+00,0.00000e+00,1.00000e+00,0.00000e+00,1.00000e+00,0.00000e+00,1.00000e+00,0.00000e+00,1.00000e+00
-1.00000e+00,-1.00000e+00,-1.00000e+00,1.62000e+03,6.91000e+02,3.79358e+00,7.18005e-01,0.00000e+00,1.00000e+00,0.00000e+00,1.00000e+00,0.00000e+00,1.00000e+00,0.00000e+00,1.00000e+00,0.00000e+00,1.00000e+00,0.00000e+00,1.00000e+00,0.00000e+00,1.00000e+00,0.00000e+00,1.00000e+00,0.00000e+00,1.00000e+00,0.00000e+00,1.00000e+00,0.00000e+00,1.00000e+00,0.00000e+00,1.00000e+00,0.00000e+00,1.00000e+00,0.00000e+00,1.00000e+00,0.00000e+00,1.00000e+00,0.00000e+00,1.00000e+00,0.00000e+00,1.00000e+00,0.00000e+00,1.00000e+00,0.00000e+00,1.00000e+00,0.00000e+00,1.00000e+00,0.00000e+00,1.00000e+00,0.00000e+00,1.00000e+00,0.00000e+00,1.00000e+00,0.00000e+00,1.00000e+00,0.00000e+00,1.00000e+00,0.00000e+00,1.00000e+00
-1.00000e+00,-1.00000e+00,-1.00000e+00,5.09000e+02,2.56000e+02,7.50182e+01,6.14806e-01,0.00000e+00,1.00000e+00,0.00000e+00,1.00000e+00,0.00000e+00,1.00000e+00,0.00000e+00,1.00000e+00,0.00000e+00,1.00000e+00,0.00000e+00,1.00000e+00,0.00000e+00,1.00000e+00,0.00000e+00,1.00000e+00,0.00000e+00,1.00000e+00,0.00000e+00,1.00000e+00,0.00000e+00,1.00000e+00,0.00000e+00,1.00000e+00,0.00000e+00,1.00000e+00,0.00000e+00,1.00000e+00,0.00000e+00,1.00000e+00,0.00000e+00,1.00000e+00,0.00000e+00,1.00000e+00,0.00000e+00,1.00000e+00,0.00000e+00,1.00000e+00,0.00000e+00,1.00000e+00,0.00000e+00,1.00000e+00,0.00000e+00,1.00000e+00,0.00000e+00,1.00000e+00,0.00000e+00,1.00000e+00,0.00000e+00,1.00000e+00,0.00000e+00,1.00000e+00
-1.00000e+00,-1.00000e+00,-1.00000e+00,1.05400e+03,8.24000e+02,4.39112e+01,2.46426e-01,0.00000e+00,1.00000e+00,0.00000e+00,1.00000e+00,0.00000e+00,1.00000e+00,0.00000e+00,1.00000e+00,0.00000e+00,1.00000e+00,0.00000e+00,1.00000e+00,0.00000e+00,1.00000e+00,0.00000e+00,1.00000e+00,0.00000e+00,1.00000e+00,0.00000e+00,1.00000e+00,0.00000e+00,1.00000e+00,0.00000e+00,1.00000e+00,0.00000e+00,1.00000e+00,0.00000e+00,1.00000e+00,0.00000e+00,1.00000e+00,0.00000e+00,1.00000e+00,0.00000e+00,1.00000e+00,0.00000e+00,1.00000e+00,0.00000e+00,1.00000e+00,0.00000e+00,1.00000e+00,0.00000e+00,1.00000e+00,0.00000e+00,1.00000e+00,0.00000e+00,1.00000e+00,0.00000e+00,1.00000e+00,0.00000e+00,1.00000e+00,0.00000e+00,1.00000e+00
-1.00000e+00,-1.00000e+00,-1.00000e+00,1.04800e+03,9.46000e+02,-4.33204e+01,6.58460e-01,0.00000e+00,1.00000e+00,0.00000e+00,1.00000e+00,0.00000e+00,1.00000e+00,0.00000e+00,1.00000e+00,0.00000e+00,1.00000e+00,0.00000e+00,1.00000e+00,0.00000e+00,1.00000e+00,0.00000e+00,1.00000e+00,0.00000e+00,1.00000e+00,0.00000e+00,1.00000e+00,0.00000e+00,1.00000e+00,0.00000e+00,1.00000e+00,0.00000e+00,1.00000e+00,0.00000e+00,1.00000e+00,0.00000e+00,1.00000e+00,0.00000e+00,1.00000e+00,0.00000e+00,1.00000e+00,0.00000e+00,1.00000e+00,0.00000e+00,1.00000e+00,0.00000e+00,1.00000e+00,0.00000e+00,1.00000e+00,0.00000e+00,1.00000e+00,0.00000e+00,1.00000e+00,0.00000e+00,1.00000e+00,0.00000e+00,1.00000e+00,0.00000e+00,1.00000e+00
-1.00000e+00,-1.00000e+00,-1.00000e+00,2.16000e+02,2.03000e+03,2.21285e+01,7.26509e-02,0.00000e+00,1.00000e+00,0.00000e+00,1.00000e+00,0.00000e+00,1.00000e+00,0.00000e+00,1.00000e+00,0.00000e+00,1.00000e+00,0.00000e+00,1.00000e+00,0.00000e+00,1.00000e+00,0.00000e+00,1.00000e+00,0.00000e+00,1.00000e+00,0.00000e+00,1.00000e+00,0.00000e+00,1.00000e+00,0.00000e+00,1.00000e+00,0.00000e+00,1.00000e+00,0.00000e+00,1.00000e+00,0.00000e+00,1.00000e+00,0.00000e+00,1.00000e+00,0.00000e+00,1.00000e+00,0.00000e+00,1.00000e+00,0.00000e+00,1.00000e+00,0.00000e+00,1.00000e+00,0.00000e+00,1.00000e+00,0.00000e+00,1.00000e+00,0.00000e+00,1.00000e+00,0.00000e+00,1.00000e+00,0.00000e+00,1.00000e+00,0.00000e+00,1.00000e+00
-1.00000e+00,-1.00000e+00,-1.00000e+00,1.19200e+03,4.66000e+02,-1.54218e+01,2.61308e-02,0.00000e+00,1.00000e+00,0.00000e+00,1.00000e+00,0.00000e+00,1.00000e+00,0.00000e+00,1.00000e+00,0.00000e+00,1.00000e+00,0.00000e+00,1.00000e+00,0.00000e+00,1.00000e+00,0.00000e+00,1.00000e+00,0.00000e+00,1.00000e+00,0.00000e+00,1.00000e+00,0.00000e+00,1.00000e+00,0.00000e+00,1.00000e+00,0.00000e+00,1.00000e+00,0.00000e+00,1.00000e+00,0.00000e+00,1.00000e+00,0.00000e+00,1.00000e+00,0.00000e+00,1.00000e+00,0.00000e+00,1.00000e+00,0.00000e+00,1.00000e+00,0.00000e+00,1.00000e+00,0.00000e+00,1.00000e+00,0.00000e+00,1.00000e+00,0.00000e+00,1.00000e+00,0.00000e+00,1.00000e+00,0.00000e+00,1.00000e+00,0.00000e+00,1.00000e+00
-1.00000e+00,-1.00000e+00,-1.00000e+00,1.19800e+03,2.00900e+03,6.13906e+01,5.93619e-01,0.00000e+00,1.00000e+00,0.00000e+00,1.00000e+00,0.00000e+00,1.00000e+00,0.00000e+00,1.00000e+00,0.00000e+00,1.00000e+00,0.00000e+00,1.00000e+00,0.00000e+00,1.00000e+00,0.00000e+00,1.00000e+00,0.00000e+00,1.00000e+00,0.00000e+00,1.00000e+00,0.00000e+00,1.00000e+00,0.00000e+00,1.00000e+00,0.00000e+00,1.00000e+00,0.00000e+00,1.00000e+00,0.00000e+00,1.00000e+00,0.00000e+00,1.00000e+00,0.00000e+00,1.00000e+00,0.00000e+00,1.00000e+00,0.00000e+00,1.00000e+00,0.00000e+00,1.00000e+00,0.00000e+00,1.00000e+00,0.00000e+00,1.00000e+00,0.00000e+00,1.00000e+00,0.00000e+00,1.00000e+00,0.00000e+00,1.00000e+00,0.00000e+00,1.00000e+00
-1.00000e+00,-1.00000e+00,-1.00000e+00,1.49500e+03,5.38000e+02,-9.70408e-02,6.58382e-02,0.00000e+00,1.00000e+00,0.00000e+00,1.00000e+00,0.00000e+00,1.00000e+00,0.00000e+00,1.00000e+00,0.00000e+00,1.00000e+00,0.00000e+00,1.00000e+00,0.00000e+00,1.00000e+00,0.00000e+00,1.00000e+00,0.00000e+00,1.00000e+00,0.00000e+00,1.00000e+00,0.00000e+00,1.00000e+00,0.00000e+00,1.00000e+00,0.00000e+00,1.00000e+00,0.00000e+00,1.00000e+00,0.00000e+00,1.00000e+00,0.00000e+00,1.00000e+00,0.00000e+00,1.00000e+00,0.00000e+00,1.00000e+00,0.00000e+00,1.00000e+00,0.00000e+00,1.00000e+00,0.00000e+00,1.00000e+00,0.00000e+00,1.00000e+00,0.00000e+00,1.00000e+00,0.00000e+00,1.00000e+00,0.00000e+00,1.00000e+00,0.00000e+00,1.00000e+00
-1.00000e+00,-1.00000e+00,-1.00000e+00,2.03600e+03,1.17400e+03,-1.01782e+01,2.35739e-02,0.00000e+00,1.00000e+00,0.00000e+00,1.00000e+00,0.00000e+00,1.00000e+00,0.00000e+00,1.00000e+00,0.00000e+00,1.00000e+00,0.00000e+00,1.00000e+00,0.00000e+00,1.00000e+00,0.00000e+00,1.00000e+00,0.00000e+00,1.00000e+00,0.00000e+00,1.00000e+00,0.00000e+00,1.00000e+00,0.00000e+00,1.00000e+00,0.00000e+00,1.00000e+00,0.00000e+00,1.00000e+00,0.00000e+00,1.00000e+00,0.00000e+00,1.00000e+00,0.00000e+00,1.00000e+00,0.00000e+00,1.00000e+00,0.00000e+00,1.00000e+00,0.00000e+00,1.00000e+00,0.00000e+00,1.00000e+00,0.00000e+00,1.00000e+00,0.00000e+00,1.00000e+00,0.00000e+00,1.00000e+00,0.00000e+00,1.00000e+00,0.00000e+00,1.00000e+00
-1.00000e+00,-1.00000e+00,-1.00000e+00,1.12300e+03,2.48000e+02,-3.35200e+01,1.79381e-01,0.00000e+00,1.00000e+00,0.00000e+00,1.00000e+00,0.00000e+00,1.00000e+00,0.00000e+00,1.00000e+00,0.00000e+00,1.00000e+00,0.00000e+00,1.00000e+00,0.00000e+00,1.00000e+00,0.00000e+00,1.00000e+00,0.00000e+00,1.00000e+00,0.00000e+00,1.00000e+00,0.00000e+00,1.00000e+00,0.00000e+00,1.00000e+00,0.00000e+00,1.00000e+00,0.00000e+00,1.00000e+00,0.00000e+00,1.00000e+00,0.00000e+00,1.00000e+00,0.00000e+00,1.00000e+00,0.00000e+00,1.00000e+00,0.00000e+00,1.00000e+00,0.00000e+00,1.00000e+00,0.00000e+00,1.00000e+00,0.00000e+00,1.00000e+00,0.00000e+00,1.00000e+00,0.00000e+00,1.00000e+00,0.00000e+00,1.00000e+00,0.00000e+00,1.00000e+00
-1.00000e+00,-1.00000e+00,-1.00000e+00,7.50000e+02,1.02300e+03,9.07059e+01,3.96770e-01,0.00000e+00,1.00000e+00,0.00000e+00,1.00000e+00,0.00000e+00,1.00000e+00,0.00000e+00,1.00000e+00,0.00000e+00,1.00000e+00,0.00000e+00,1.00000e+00,0.00000e+00,1.00000e+00,0.00000e+00,1.00000e+00,0.00000e+00,1.00000e+00,0.00000e+00,1.00000e+00,0.00000e+00,1.00000e+00,0.00000e+00,1.00000e+00,0.00000e+00,1.00000e+00,0.00000e+00,1.00000e+00,0.00000e+00,1.00000e+00,0.00000e+00,1.00000e+00,0.00000e+00,1.00000e+00,0.00000e+00,1.00000e+00,0.00000e+00,1.00000e+00,0.00000e+00,1.00000e+00,0.00000e+00,1.00000e+00,0.00000e+00,1.00000e+00,0.00000e+00,1.00000e+00,0.00000e+00,1.00000e+00,0.00000e+00,1.00000e+00,0.00000e+00,1.00000e+00
-1.00000e+00,-1.00000e+00,-1.00000e+00,2.03600e+03,1.77600e+03,-6.43158e+01,3.32406e-01,0.00000e+00,1.00000e+00,0.00000e+00,1.00000e+00,0.00000e+00,1.00000e+00,0.00000e+00,1.00000e+00,0.00000e+00,1.00000e+00,0.00000e+00,1.00000e+00,0.00000e+00,1.00000e+00,0.00000e+00,1.00000e+00,0.00000e+00,1.00000e+00,0.00000e+00,1.00000e+00,0.00000e+00,1.00000e+00,0.00000e+00,1.00000e+00,0.00000e+00,1.00000e+00,0.00000e+00,1.00000e+00,0.00000e+00,1.00000e+00,0.00000e+00,1.00000e+00,0.00000e+00,1.00000e+00,0.00000e+00,1.00000e+00,0.00000e+00,1.00000e+00,0.00000e+00,1.00000e+00,0.00000e+00,1.00000e+00,0.00000e+00,1.00000e+00,0.00000e+00,1.00000e+00,0.00000e+00,1.00000e+00,0.00000e+00,1.00000e+00,0.00000e+00,1.00000e+00
-1.00000e+00,-1.00000e+00,-1.00000e+00,9.01000e+02,1.49900e+03,8.51914e+01,5.54133e-01,0.00000e+00,1.00000e+00,0.00000e+00,1.00000e+00,0.00000e+00,1.00000e+00,0.00000e+00,1.00000e+00,0.00000e+00,1.00000e+00,0.00000e+00,1.00000e+00,0.00000e+00,1.00000e+00,0.00000e+00,1.00000e+00,0.00000e+00,1.00000e+00,0.00000e+00,1.00000e+00,0.00000e+00,1.00000e+00,0.00000e+00,1.00000e+00,0.00000e+00,1.00000e+00,0.00000e+00,1.00000e+00,0.00000e+00,1.00000e+00,0.00000e+00,1.00000e+00,0.00000e+00,1.00000e+00,0.00000e+00,1.00000e+00,0.00000e+00,1.00000e+00,0.00000e+00,1.00000e+00,0.00000e+00,1.00000e+00,0.00000e+00,1.00000e+00,0.00000e+00,1.00000e+00,0.00000e+00,1.00000e+00,0.00000e+00,1.00000e+00,0.00000e+00,1.00000e+00
-1.00000e+00,-1.00000e+00,-1.00000e+00,1.81800e+03,1.15500e+03,-2.84838e+01,1.82606e-01,0.00000e+00,1.00000e+00,0.00000e+00,1.00000e+00,0.00000e+00,1.00000e+00,0.00000e+00,1.00000e+00,0.00000e+00,1.00000e+00,0.00000e+00,1.00000e+00,0.00000e+00,1.00000e+00,0.00000e+00,1.00000e+00,0.00000e+00,1.00000e+00,0.00000e+00,1.00000e+00,0.00000e+00,1.00000e+00,0.00000e+00,1.00000e+00,0.00000e+00,1.00000e+00,0.00000e+00,1.00000e+00,0.00000e+00,1.00000e+00,0.00000e+00,1.00000e+00,0.00000e+00,1.00000e+00,0.00000e+00,1.00000e+00,0.00000e+00,1.00000e+00,0.00000e+00,1.00000e+00,0.00000e+00,1.00000e+00,0.00000e+00,1.00000e+00,0.00000e+00,1.00000e+00,0.00000e+00,1.00000e+00,0.00000e+00,1.00000e+00,0.00000e+00,1.00000e+00
-1.00000e+00,-1.00000e+00,-1.00000e+00,3.37000e+02,1.70800e+03,1.09455e+00,1.21234e-04,0.00000e+00,1.00000e+00,0.00000e+00,1.00000e+00,0.00000e+00,1.00000e+00,0.00000e+00,1.00000e+00,0.00000e+00,1.00000e+00,0.00000e+00,1.00000e+00,0.00000e+00,1.00000e+00,0.00000e+00,1.00000e+00,0.00000e+00,1.00000e+00,0.00000e+00,1.00000e+00,0.00000e+00,1.00000e+00,0.00000e+00,1.00000e+00,0.00000e+00,1.00000e+00,0.00000e+00,1.00000e+00,0.00000e+00,1.00000e+00,0.00000e+00,1.00000e+00,0.00000e+00,1.00000e+00,0.00000e+00,1.00000e+00,0.00000e+00,1.00000e+00,0.00000e+00,1.00000e+00,0.00000e+00,1.00000e+00,0.00000e+00,1.00000e+00,0.00000e+00,1.00000e+00,0.00000e+00,1.00000e+00,0.00000e+00,1.00000e+00,0.00000e+00,1.00000e+00
-1.00000e+00,-1.00000e+00,-1.00000e+00,1.10900e+03,1.64500e+03,9.81126e+01,8.86543e-01,0.00000e+00,1.00000e+00,0.00000e+00,1.00000e+00,0.00000e+00,1.00000e+00,0.00000e+00,1.00000e+00,0.00000e+00,1.00000e+00,0.00000e+00,1.00000e+00,0.00000e+00,1.00000e+00,0.00000e+00,1.00000e+00,0.00000e+00,1.00000e+00,0.00000e+00,1.00000e+00,0.00000e+00,1.00000e+00,0.00000e+00,1.00000e+00,0.00000e+00,1.00000e+00,0.00000e+00,1.00000e+00,0.00000e+00,1.00000e+00,0.00000e+00,1.00000e+00,0.00000e+00,1.00000e+00,0.00000e+00,1.00000e+00,0.00000e+00,1.00000e+00,0.00000e+00,1.00000e+00,0.00000e+00,1.00000e+00,0.00000e+00,1.00000e+00,0.00000e+00,1.00000e+00,0.00000e+00,1.00000e+00,0.00000e+00,1.00000e+00,0.00000e+00,1.00000e+00
-1.00000e+00,-1.00000e+00,-1.00000e+00,7.90000e+02,1.52200e+03,7.59158e+01,5.81633e-01,0.00000e+00,1.00000e+00,0.00000e+00,1.00000e+00,0.00000e+00,1.00000e+00,0.00000e+00,1.00000e+00,0.00000e+00,1.00000e+00,0.00000e+00,1.00000e+00,0.00000e+00,1.00000e+00,0.00000e+00,1.00000e+00,0.00000e+00,1.00000e+00,0.00000e+00,1.00000e+00,0.00000e+00,1.00000e+00,0.00000e+00,1.00000e+00,0.00000e+00,1.00000e+00,0.00000e+00,1.00000e+00,0.00000e+00,1.00000e+00,0.00000e+00,1.00000e+00,0.00000e+00,1.00000e+00,0.00000e+00,1.00000e+00,0.00000e+00,1.00000e+00,0.00000e+00,1.00000e+00,0.00000e+00,1.00000e+00,0.00000e+00,1.00000e+00,0.00000e+00,1.00000e+00,0.00000e+00,1.00000e+00,0.00000e+00,1.00000e+00,0.00000e+00,1.00000e+00
-1.00000e+00,-1.00000e+00,-1.00000e+00,1.12600e+03,1.46900e+03,1.56502e+01,2.74383e-02,0.00000e+00,1.00000e+00,0.00000e+00,1.00000e+00,0.00000e+00,1.00000e+00,0.00000e+00,1.00000e+00,0.00000e+00,1.00000e+00,0.00000e+00,1.00000e+00,0.00000e+00,1.00000e+00,0.00000e+00,1.00000e+00,0.00000e+00,1.00000e+00,0.00000e+00,1.00000e+00,0.00000e+00,1.00000e+00,0.00000e+00,1.00000e+00,0.00000e+00,1.00000e+00,0.00000e+00,1.00000e+00,0.00000e+00,1.00000e+00,0.00000e+00,1.00000e+00,0.00000e+00,1.00000e+00,0.00000e+00,1.00000e+00,0.00000e+00,1.00000e+00,0.00000e+00,1.00000e+00,0.00000e+00,1.00000e+00,0.00000e+00,1.00000e+00,0.00000e+00,1.00000e+00,0.00000e+00,1.00000e+00,0.00000e+00,1.00000e+00,0.00000e+00,1.00000e+00
-1.00000e+00,-1.00000e+00,-1.00000e+00,4.82000e+02,1.46100e+03,1.65015e-01,3.31886e-03,0.00000e+00,1.00000e+00,0.00000e+00,1.00000e+00,0.00000e+00,1.00000e+00,0.00000e+00,1.00000e+00,0.00000e+00,1.00000e+00,0.00000e+00,1.00000e+00,0.00000e+00,1.00000e+00,0.00000e+00,1.00000e+00,0.00000e+00,1.00000e+00,0.00000e+00,1.00000e+00,0.00000e+00,1.00000e+00,0.00000e+00,1.00000e+00,0.00000e+00,1.00000e+00,0.00000e+00,1.00000e+00,0.00000e+00,1.00000e+00,0.00000e+00,1.00000e+00,0.00000e+00,1.00000e+00,0.00000e+00,1.00000e+00,0.00000e+00,1.00000e+00,0.00000e+00,1.00000e+00,0.00000e+00,1.00000e+00,0.00000e+00,1.00000e+00,0.00000e+00,1.00000e+00,0.00000e+00,1.00000e+00,0.00000e+00,1.00000e+00,0.00000e+00,1.00000e+00
-1.00000e+00,-1.00000e+00,-1.00000e+00,2.97000e+02,1.11900e+03,-1.64343e+02,9.92975e-01,0.00000e+00,1.00000e+00,0.00000e+00,1.00000e+00,0.00000e+00,1.00000e+00,0.00000e+00,1.00000e+00,0.00000e+00,1.00000e+00,0.00000e+00,1.00000e+00,0.00000e+00,1.00000e+00,0.00000e+00,1.00000e+00,0.00000e+00,1.00000e+00,0.00000e+00,1.00000e+00,0.00000e+00,1.00000e+00,0.00000e+00,1.00000e+00,0.00000e+00,1.00000e+00,0.00000e+00,1.00000e+00,0.00000e+00,1.00000e+00,0.00000e+00,1.00000e+00,0.00000e+00,1.00000e+00,0.00000e+00,1.00000e+00,0.00000e+00,1.00000e+00,0.00000e+00,1.00000e+00,0.00000e+00,1.00000e+00,0.00000e+00,1.00000e+00,0.00000e+00,1.00000e+00,0.00000e+00,1.00000e+00,0.00000e+00,1.00000e+00,0.00000e+00,1.00000e+00
-1.00000e+00,-1.00000e+00,-1.00000e+00,1.52500e+03,2.01000e+03,3.53797e+01,1.98686e-01,0.00000e+00,1.00000e+00,0.00000e+00,1.00000e+00,0.00000e+00,1.00000e+00,0.00000e+00,1.00000e+00,0.00000e+00,1.00000e+00,0.00000e+00,1.00000e+00,0.00000e+00,1.00000e+00,0.00000e+00,1.00000e+00,0.00000e+00,1.00000e+00,0.00000e+00,1.00000e+00,0.00000e+00,1.00000e+00,0.00000e+00,1.00000e+00,0.00000e+00,1.00000e+00,0.00000e+00,1.00000e+00,0.00000e+00,1.00000e+00,0.00000e+00,1.00000e+00,0.00000e+00,1.00000e+00,0.00000e+00,1.00000e+00,0.00000e+00,1.00000e+00,0.00000e+00,1.00000e+00,0.00000e+00,1.00000e+00,0.00000e+00,1.00000e+00,0.00000e+00,1.00000e+00,0.00000e+00,1.00000e+00,0.00000e+00,1.00000e+00,0.00000e+00,1.00000e+00
-1.00000e+00,-1.00000e+00,-1.00000e+00,1.35300e+03,1.01200e+03,-3.21209e+01,4.80724e-01,0.00000e+00,1.00000e+00,0.00000e+00,1.00000e+00,0.00000e+00,1.00000e+00,0.00000e+00,1.00000e+00,0.00000e+00,1.00000e+00,0.00000e+00,1.00000e+00,0.00000e+00,1.00000e+00,0.00000e+00,1.00000e+00,0.00000e+00,1.00000e+00,0.00000e+00,1.00000e+00,0.00000e+00,1.00000e+00,0.00000e+00,1.00000e+00,0.00000e+00,1.00000e+00,0.00000e+00,1.00000e+00,0.00000e+00,1.00000e+00,0.00000e+00,1.00000e+00,0.00000e+00,1.00000e+00,0.00000e+00,1.00000e+00,0.00000e+00,1.00000e+00,0.00000e+00,1.00000e+00,0.00000e+00,1.00000e+00,0.00000e+00,1.00000e+00,0.00000e+00,1.00000e+00,0.00000e+00,1.00000e+00,0.00000e+00,1.00000e+00,0.00000e+00,1.00000e+00
-1.00000e+00,-1.00000e+00,-1.00000e+00,2.93000e+02,1.78800e+03,-2.94167e+01,1.61260e-01,0.00000e+00,1.00000e+00,0.00000e+00,1.00000e+00,0.00000e+00,1.00000e+00,0.00000e+00,1.00000e+00,0.00000e+00,1.00000e+00,0.00000e+00,1.00000e+00,0.00000e+00,1.00000e+00,0.00000e+00,1.00000e+00,0.00000e+00,1.00000e+00,0.00000e+00,1.00000e+00,0.00000e+00,1.00000e+00,0.00000e+00,1.00000e+00,0.00000e+00,1.00000e+00,0.00000e+00,1.00000e+00,0.00000e+00,1.00000e+00,0.00000e+00,1.00000e+00,0.00000e+00,1.00000e+00,0.00000e+00,1.00000e+00,0.00000e+00,1.00000e+00,0.00000e+00,1.00000e+00,0.00000e+00,1.00000e+00,0.00000e+00,1.00000e+00,0.00000e+00,1.00000e+00,0.00000e+00,1.00000e+00,0.00000e+00,1.00000e+00,0.00000e+00,1.00000e+00
-1.00000e+00,-1.00000e+00,-1.00000e+00,9.95000e+02,4.94000e+02,-7.25979e+01,4.22956e-01,0.00000e+00,1.00000e+00,0.00000e+00,1.00000e+00,0.00000e+00,1.00000e+00,0.00000e+00,1.00000e+00,0.00000e+00,1.00000e+00,0.00000e+00,1.00000e+00,0.00000e+00,1.00000e+00,0.00000e+00,1.00000e+00,0.00000e+00,1.00000e+00,0.00000e+00,1.00000e+00,0.00000e+00,1.00000e+00,0.00000e+00,1.00000e+00,0.00000e+00,1.00000e+00,0.00000e+00,1.00000e+00,0.00000e+00,1.00000e+00,0.00000e+00,1.00000e+00,0.00000e+00,1.00000e+00,0.00000e+00,1.00000e+00,0.00000e+00,1.00000e+00,0.00000e+00,1.00000e+00,0.00000e+00,1.00000e+00,0.00000e+00,1.00000e+00,0.00000e+00,1.00000e+00,0.00000e+00,1.00000e+00,0.00000e+00,1.00000e+00,0.00000e+00,1.00000e+00
-1.00000e+00,-1.00000e+00,-1.00000e+00,1.29700e+03,9.04000e+02,-4.43308e+01,1.58162e-01,0.00000e+00,1.00000e+00,0.00000e+00,1.00000e+00,0.00000e+00,1.00000e+00,0.00000e+00,1.00000e+00,0.00000e+00,1.00000e+00,0.00000e+00,1.00000e+00,0.00000e+00,1.00000e+00,0.00000e+00,1.00000e+00,0.00000e+00,1.00000e+00,0.00000e+00,1.00000e+00,0.00000e+00,1.00000e+00,0.00000e+00,1.00000e+00,0.00000e+00,1.00000e+00,0.00000e+00,1.00000e+00,0.00000e+00,1.00000e+00,0.00000e+00,1.00000e+00,0.00000e+00,1.00000e+00,0.00000e+00,1.00000e+00,0.00000e+00,1.00000e+00,0.00000e+00,1.00000e+00,0.00000e+00,1.00000e+00,0.00000e+00,1.00000e+00,0.00000e+00,1.00000e+00,0.00000e+00,1.00000e+00,0.00000e+00,1.00000e+00,0.00000e+00,1.00000e+00
-1.00000e+00,-1.00000e+00,-1.00000e+00,2.26000e+02,8.44000e+02,-4.32379e+01,2.52624e-01,0.00000e+00,1.00000e+00,0.00000e+00,1.00000e+00,0.00000e+00,1.00000e+00,0.00000e+00,1.00000e+00,0.00000e+00,1.00000e+00,0.00000e+00,1.00000e+00,0.00000e+00,1.00000e+00,0.00000e+00,1.00000e+00,0.00000e+00,1.00000e+00,0.00000e+00,1.00000e+00,0.00000e+00,1.00000e+00,0.00000e+00,1.00000e+00,0.00000e+00,1.00000e+00,0.00000e+00,1.00000e+00,0.00000e+00,1.00000e+00,0.00000e+00,1.00000e+00,0.00000e+00,1.00000e+00,0.00000e+00,1.00000e+00,0.00000e+00,1.00000e+00,0.00000e+00,1.00000e+00,0.00000e+00,1.00000e+00,0.00000e+00,1.00000e+00,0.00000e+00,1.00000e+00,0.00000e+00,1.00000e+00,0.00000e+00,1.00000e+00,0.00000e+00,1.00000e+00
-1.00000e+00,-1.00000e+00,-1.00000e+00,1.65000e+03,7.93000e+02,1.51826e+01,8.13955e-02,0.00000e+00,1.00000e+00,0.00000e+00,1.00000e+00,0.00000e+00,1.00000e+00,0.00000e+00,1.00000e+00,0.00000e+00,1.00000e+00,0.00000e+00,1.00000e+00,0.00000e+00,1.00000e+00,0.00000e+00,1.00000e+00,0.00000e+00,1.00000e+00,0.00000e+00,1.00000e+00,0.00000e+00,1.00000e+00,0.00000e+00,1.00000e+00,0.00000e+00,1.00000e+00,0.00000e+00,1.00000e+00,0.00000e+00,1.00000e+00,0.00000e+00,1.00000e+00,0.00000e+00,1.00000e+00,0.00000e+00,1.00000e+00,0.00000e+00,1.00000e+00,0.00000e+00,1.00000e+00,0.00000e+00,1.00000e+00,0.00000e+00,1.00000e+00,0.00000e+00,1.00000e+00,0.00000e+00,1.00000e+00,0.00000e+00,1.00000e+00,0.00000e+00,1.00000e+00
-1.00000e+00,-1.00000e+00,-1.00000e+00,1.31200e+03,1.88600e+03,-7.35225e+01,5.62571e-01,0.00000e+00,1.00000e+00,0.00000e+00,1.00000e+00,0.00000e+00,1.00000e+00,0.00000e+00,1.00000e+00,0.00000e+00,1.00000e+00,0.00000e+00,1.00000e+00,0.00000e+00,1.00000e+00,0.00000e+00,1.00000e+00,0.00000e+00,1.00000e+00,0.00000e+00,1.00000e+00,0.00000e+00,1.00000e+00,0.00000e+00,1.00000e+00,0.00000e+00,1.00000e+00,0.00000e+00,1.00000e+00,0.00000e+00,1.00000e+00,0.00000e+00,1.00000e+00,0.00000e+00,1.00000e+00,0.00000e+00,1.00000e+00,0.00000e+00,1.00000e+00,0.00000e+00,1.00000e+00,0.00000e+00,1.00000e+00,0.00000e+00,1.00000e+00,0.00000e+00,1.00000e+00,0.00000e+00,1.00000e+00,0.00000e+00,1.00000e+00,0.00000e+00,1.00000e+00
-1.00000e+00,-1.00000e+00,-1.00000e+00,6.80000e+02,1.22600e+03,3.26525e+01,1.52742e-01,0.00000e+00,1.00000e+00,0.00000e+00,1.00000e+00,0.00000e+00,1.00000e+00,0.00000e+00,1.00000e+00,0.00000e+00,1.00000e+00,0.00000e+00,1.00000e+00,0.00000e+00,1.00000e+00,0.00000e+00,1.00000e+00,0.00000e+00,1.00000e+00,0.00000e+00,1.00000e+00,0.00000e+00,1.00000e+00,0.00000e+00,1.00000e+00,0.00000e+00,1.00000e+00,0.00000e+00,1.00000e+00,0.00000e+00,1.00000e+00,0.00000e+00,1.00000e+00,0.00000e+00,1.00000e+00,0.00000e+00,1.00000e+00,0.00000e+00,1.00000e+00,0.00000e+00,1.00000e+00,0.00000e+00,1.00000e+00,0.00000e+00,1.00000e+00,0.00000e+00,1.00000e+00,0.00000e+00,1.00000e+00,0.00000e+00,1.00000e+00,0.00000e+00,1.00000e+00
-1.00000e+00,-1.00000e+00,-1.00000e+00,6.48000e+02,2.40000e+02,-7.13821e+01,8.73963e-01,0.00000e+00,1.00000e+00,0.00000e+00,1.00000e+00,0.00000e+00,1.00000e+00,0.00000e+00,1.00000e+00,0.00000e+00,1.00000e+00,0.00000e+00,1.00000e+00,0.00000e+00,1.00000e+00,0.00000e+00,1.00000e+00,0.00000e+00,1.00000e+00,0.00000e+00,1.00000e+00,0.00000e+00,1.00000e+00,0.00000e+00,1.00000e+00,0.00000e+00,1.00000e+00,0.00000e+00,1.00000e+00,0.00000e+00,1.00000e+00,0.00000e+00,1.00000e+00,0.00000e+00,1.00000e+00,0.00000e+00,1.00000e+00,0.00000e+00,1.00000e+00,0.00000e+00,1.00000e+00,0.00000e+00,1.00000e+00,0.00000e+00,1.00000e+00,0.00000e+00,1.00000e+00,0.00000e+00,1.00000e+00,0.00000e+00,1.00000e+00,0.00000e+00,1.00000e+00
-1.00000e+00,-1.00000e+00,-1.00000e+00,1.98700e+03,2.17000e+02,-2.65662e-01,1.74489e-05,0.00000e+00,1.00000e+00,0.00000e+00,1.00000e+00,0.00000e+00,1.00000e+00,0.00000e+00,1.00000e+00,0.00000e+00,1.00000e+00,0.00000e+00,1.00000e+00,0.00000e+00,1.00000e+00,0.00000e+00,1.00000e+00,0.00000e+00,1.00000e+00,0.00000e+00,1.00000e+00,0.00000e+00,1.00000e+00,0.00000e+00,1.00000e+00,0.00000e+00,1.00000e+00,0.00000e+00,1.00000e+00,0.00000e+00,1.00000e+00,0.00000e+00,1.00000e+00,0.00000e+00,1.00000e+00,0.00000e+00,1.00000e+00,0.00000e+00,1.00000e+00,0.00000e+00,1.00000e+00,0.00000e+00,1.00000e+00,0.00000e+00,1.00000e+00,0.00000e+00,1.00000e+00,0.00000e+00,1.00000e+00,0.00000e+00,1.00000e+00,0.00000e+00,1.00000e+00
-1.00000e+00,-1.00000e+00,-1.00000e+00,9.67000e+02,1.99000e+03,3.75300e+01,2.36064e-01,0.00000e+00,1.00000e+00,0.00000e+00,1.00000e+00,0.00000e+00,1.00000e+00,0.00000e+00,1.00000e+00,0.00000e+00,1.00000e+00,0.00000e+00,1.00000e+00,0.00000e+00,1.00000e+00,0.00000e+00,1.00000e+00,0.00000e+00,1.00000e+00,0.00000e+00,1.00000e+00,0.00000e+00,1.00000e+00,0.00000e+00,1.00000e+00,0.00000e+00,1.00000e+00,0.00000e+00,1.00000e+00,0.00000e+00,1.00000e+00,0.00000e+00,1.00000e+00,0.00000e+00,1.00000e+00,0.00000e+00,1.00000e+00,0.00000e+00,1.00000e+00,0.00000e+00,1.00000e+00,0.00000e+00,1.00000e+00,0.00000e+00,1.00000e+00,0.00000e+00,1.00000e+00,0.00000e+00,1.00000e+00,0.00000e+00,1.00000e+00,0.00000e+00,1.00000e+00
-1.00000e+00,-1.00000e+00,-1.00000e+00,6.95000e+02,1.60800e+03,4.01413e+01,2.72778e-01,0.00000e+00,1.00000e+00,0.00000e+00,1.00000e+00,0.00000e+00,1.00000e+00,0.00000e+00,1.00000e+00,0.00000e+00,1.00000e+00,0.00000e+00,1.00000e+00,0.00000e+00,1.00000e+00,0.00000e+00,1.00000e+00,0.00000e+00,1.00000e+00,0.00000e+00,1.00000e+00,0.00000e+00,1.00000e+00,0.00000e+00,1.00000e+00,0.00000e+00,1.00000e+00,0.00000e+00,1.00000e+00,0.00000e+00,1.00000e+00,0.00000e+00,1.00000e+00,0.00000e+00,1.00000e+00,0.00000e+00,1.00000e+00,0.00000e+00,1.00000e+00,0.00000e+00,1.00000e+00,0.00000e+00,1.00000e+00,0.00000e+00,1.00000e+00,0.00000e+00,1.00000e+00,0.00000e+00,1.00000e+00,0.00000e+00,1.00000e+00,0.00000e+00,1.00000e+00
-1.00000e+00,-1.00000e+00,-1.00000e+00,2.23000e+02,1.74100e+03,-1.31032e+01,3.38978e-02,0.00000e+00,1.00000e+00,0.00000e+00,1.00000e+00,0.00000e+00,1.00000e+00,0.00000e+00,1.00000e+00,0.00000e+00,1.00000e+00,0.00000e+00,1.00000e+00,0.00000e+00,1.00000e+00,0.00000e+00,1.00000e+00,0.00000e+00,1.00000e+00,0.00000e+00,1.00000e+00,0.00000e+00,1.00000e+00,0.00000e+00,1.00000e+00,0.00000e+00,1.00000e+00,0.00000e+00,1.00000e+00,0.00000e+00,1.00000e+00,0.00000e+00,1.00000e+00,0.00000e+00,1.00000e+00,0.00000e+00,1.00000e+00,0.00000e+00,1.00000e+00,0.00000e+00,1.00000e+00,0.00000e+00,1.00000e+00,0.00000e+00,1.00000e+00,0.00000e+00,1.00000e+00,0.00000e+00,1.00000e+00,0.00000e+00,1.00000e+00,0.00000e+00,1.00000e+00
-1.00000e+00,-1.00000e+00,-1.00000e+00,5.74000e+02,1.21400e+03,-1.96010e+01,1.80824e-01,0.00000e+00,1.00000e+00,0.00000e+00,1.00000e+00,0.00000e+00,1.00000e+00,0.00000e+00,1.00000e+00,0.00000e+00,1.00000e+00,0.00000e+00,1.00000e+00,0.00000e+00,1.00000e+00,0.00000e+00,1.00000e+00,0.00000e+00,1.00000e+00,0.00000e+00,1.00000e+00,0.00000e+00,1.00000e+00,0.00000e+00,1.00000e+00,0.00000e+00,1.00000e+00,0.00000e+00,1.00000e+00,0.00000e+00,1.00000e+00,0.00000e+00,1.00000e+00,0.00000e+00,1.00000e+00,0.00000e+00,1.00000e+00,0.00000e+00,1.00000e+00,0.00000e+00,1.00000e+00,0.00000e+00,1.00000e+00,0.00000e+00,1.00000e+00,0.00000e+00,1.00000e+00,0.00000e+00,1.00000e+00,0.00000e+00,1.00000e+00,0.00000e+00,1.00000e+00
-1.00000e+00,-1.00000e+00,-1.00000e+00,5.94000e+02,1.23300e+03,1.62482e+01,9.25891e-02,0.00000e+00,1.00000e+00,0.00000e+00,1.00000e+00,0.00000e+00,1.00000e+00,0.00000e+00,1.00000e+00,0.00000e+00,1.00000e+00,0.00000e+00,1.00000e+00,0.00000e+00,1.00000e+00,0.00000e+00,1.00000e+00,0.00000e+00,1.00000e+00,0.00000e+00,1.00000e+00,0.00000e+00,1.00000e+00,0.00000e+00,1.00000e+00,0.00000e+00,1.00000e+00,0.00000e+00,1.00000e+00,0.00000e+00,1.00000e+00,0.00000e+00,1.00000e+00,0.00000e+00,1.00000e+00,0.00000e+00,1.00000e+00,0.00000e+00,1.00000e+00,0.00000e+00,1.00000e+00,0.00000e+00,1.00000e+00,0.00000e+00,1.00000e+00,0.00000e+00,1.00000e+00,0.00000e+00,1.00000e+00,0.00000e+00,1.00000e+00,0.00000e+00,1.00000e+00
-1.00000e+00,-1.00000e+00,-1.00000e+00,2.05000e+03,1.28600e+03,-7.81856e+00,1.67253e-02,0.00000e+00,1.00000e+00,0.00000e+00,1.00000e+00,0.00000e+00,1.00000e+00,0.00000e+00,1.00000e+00,0.00000e+00,1.00000e+00,0.00000e+00,1.00000e+00,0.00000e+00,1.00000e+00,0.00000e+00,1.00000e+00,0.00000e+00,1.00000e+00,0.00000e+00,1.00000e+00,0.00000e+00,1.00000e+00,0.00000e+00,1.00000e+00,0.00000e+00,1.00000e+00,0.00000e+00,1.00000e+00,0.00000e+00,1.00000e+00,0.00000e+00,1.00000e+00,0.00000e+00,1.00000e+00,0.00000e+00,1.00000e+00,0.00000e+00,1.00000e+00,0.00000e+00,1.00000e+00,0.00000e+00,1.00000e+00,0.00000e+00,1.00000e+00,0.00000e+00,1.00000e+00,0.00000e+00,1.00000e+00,0.00000e+00,1.00000e+00,0.00000e+00,1.00000e+00
-1.00000e+00,-1.00000e+00,-1.00000e+00,1.32600e+03,4.30000e+01,-7.01583e+01,3.71996e-01,0.00000e+00,1.00000e+00,0.00000e+00,1.00000e+00,0.00000e+00,1.00000e+00,0.00000e+00,1.00000e+00,0.00000e+00,1.00000e+00,0.00000e+00,1.00000e+00,0.00000e+00,1.00000e+00,0.00000e+00,1.00000e+00,0.00000e+00,1.00000e+00,0.00000e+00,1.00000e+00,0.00000e+00,1.00000e+00,0.00000e+00,1.00000e+00,0.00000e+00,1.00000e+00,0.00000e+00,1.00000e+00,0.00000e+00,1.00000e+00,0.00000e+00,1.00000e+00,0.00000e+00,1.00000e+00,0.00000e+00,1.00000e+00,0.00000e+00,1.00000e+00,0.00000e+00,1.00000e+00,0.00000e+00,1.00000e+00,0.00000e+00,1.00000e+00,0.00000e+00,1.00000e+00,0.00000e+00,1.00000e+00,0.00000e+00,1.00000e+00,0.00000e+00,1.00000e+00
-1.00000e+00,-1.00000e+00,-1.00000e+00,1.71100e+03,1.69600e+03,4.51470e+00,3.61600e-03,0.00000e+00,1.00000e+00,0.00000e+00,1.00000e+00,0.00000e+00,1.00000e+00,0.00000e+00,1.00000e+00,0.00000e+00,1.00000e+00,0.00000e+00,1.00000e+00,0.00000e+00,1.00000e+00,0.00000e+00,1.00000e+00,0.00000e+00,1.00000e+00,0.00000e+00,1.00000e+00,0.00000e+00,1.00000e+00,0.00000e+00,1.00000e+00,0.00000e+00,1.00000e+00,0.00000e+00,1.00000e+00,0.00000e+00,1.00000e+00,0.00000e+00,1.00000e+00,0.00000e+00,1.00000e+00,0.00000e+00,1.00000e+00,0.00000e+00,1.00000e+00,0.00000e+00,1.00000e+00,0.00000e+00,1.00000e+00,0.00000e+00,1.00000e+00,0.00000e+00,1.00000e+00,0.00000e+00,1.00000e+00,0.00000e+00,1.00000e+00,0.00000e+00,1.00000e+00
-1.00000e+00,-1.00000e+00,-1.00000e+00,1.56500e+03,1.15700e+03,8.83128e+01,3.84635e-01,0.00000e+00,1.00000e+00,0.00000e+00,1.00000e+00,0.00000e+00,1.00000e+00,0.00000e+00,1.00000e+00,0.00000e+00,1.00000e+00,0.00000e+00,1.00000e+00,0.00000e+00,1.00000e+00,0.00000e+00,1.00000e+00,0.00000e+00,1.00000e+00,0.00000e+00,1.00000e+00,0.00000e+00,1.00000e+00,0.00000e+00,1.00000e+00,0.00000e+00,1.00000e+00,0.00000e+00,1.00000e+00,0.00000e+00,1.00000e+00,0.00000e+00,1.00000e+00,0.00000e+00,1.00000e+00,0.00000e+00,1.00000e+00,0.00000e+00,1.00000e+00,0.00000e+00,1.00000e+00,0.00000e+00,1.00000e+00,0.00000e+00,1.00000e+00,0.00000e+00,1.00000e+00,0.00000e+00,1.00000e+00,0.00000e+00,1.00000e+00,0.00000e+00,1.00000e+00
-1.00000e+00,-1.00000e+00,-1.00000e+00,4.89000e+02,1.80000e+03,6.72105e+00,8.18166e-03,0.00000e+00,1.00000e+00,0.00000e+00,1.00000e+00,0.00000e+00,1.00000e+00,0.00000e+00,1.00000e+00,0.00000e+00,1.00000e+00,0.00000e+00,1.00000e+00,0.00000e+00,1.00000e+00,0.00000e+00,1.00000e+00,0.00000e+00,1.00000e+00,0.00000e+00,1.00000e+00,0.00000e+00,1.00000e+00,0.00000e+00,1.00000e+00,0.00000e+00,1.00000e+00,0.00000e+00,1.00000e+00,0.00000e+00,1.00000e+00,0.00000e+00,1.00000e+00,0.00000e+00,1.00000e+00,0.00000e+00,1.00000e+00,0.00000e+00,1.00000e+00,0.00000e+00,1.00000e+00,0.00000e+00,1.00000e+00,0.00000e+00,1.00000e+00,0.00000e+00,1.00000e+00,0.00000e+00,1.00000e+00,0.00000e+00,1.00000e+00,0.00000e+00,1.00000e+00
-1.00000e+00,-1.00000e+00,-1.00000e+00,1.28100e+03,5.47000e+02,-2.16731e+01,1.70750e-02,0.00000e+00,1.00000e+00,0.00000e+00,1.00000e+00,0.00000e+00,1.00000e+00,0.00000e+00,1.00000e+00,0.00000e+00,1.00000e+00,0.00000e+00,1.00000e+00,0.00000e+00,1.00000e+00,0.00000e+00,1.00000e+00,0.00000e+00,1.00000e+00,0.00000e+00,1.00000e+00,0.00000e+00,1.00000e+00,0.00000e+00,1.00000e+00,0.00000e+00,1.00000e+00,0.00000e+00,1.00000e+00,0.00000e+00,1.00000e+00,0.00000e+00,1.00000e+00,0.00000e+00,1.00000e+00,0.00000e+00,1.00000e+00,0.00000e+00,1.00000e+00,0.00000e+00,1.00000e+00,0.00000e+00,1.00000e+00,0.00000e+00,1.00000e+00,0.00000e+00,1.00000e+00,0.00000e+00,1.00000e+00,0.00000e+00,1.00000e+00,0.00000e+00,1.00000e+00
-1.00000e+00,-1.00000e+00,-1.00000e+00,6.94000e+02,1.16200e+03,-3.04866e+01,1.76500e-01,0.00000e+00,1.00000e+00,0.00000e+00,1.00000e+00,0.00000e+00,1.00000e+00,0.00000e+00,1.00000e+00,0.00000e+00,1.00000e+00,0.00000e+00,1.00000e+00,0.00000e+00,1.00000e+00,0.00000e+00,1.00000e+00,0.00000e+00,1.00000e+00,0.00000e+00,1.00000e+00,0.00000e+00,1.00000e+00,0.00000e+00,1.00000e+00,0.00000e+00,1.00000e+00,0.00000e+00,1.00000e+00,0.00000e+00,1.00000e+00,0.00000e+00,1.00000e+00,0.00000e+00,1.00000e+00,0.00000e+00,1.00000e+00,0.00000e+00,1.00000e+00,0.00000e+00,1.00000e+00,0.00000e+00,1.00000e+00,0.00000e+00,1.00000e+00,0.00000e+00,1.00000e+00,0.00000e+00,1.00000e+00,0.00000e+00,1.00000e+00,0.00000e+00,1.00000e+00
-1.00000e+00,-1.00000e+00,-1.00000e+00,1.42500e+03,4.11000e+02,-9.02718e+00,1.75238e-02,0.00000e+00,1.00000e+00,0.00000e+00,1.00000e+00,0.00000e+00,1.00000e+00,0.00000e+00,1.00000e+00,0.00000e+00,1.00000e+00,0.00000e+00,1.00000e+00,0.00000e+00,1.00000e+00,0.00000e+00,1.00000e+00,0.00000e+00,1.00000e+00,0.00000e+00,1.00000e+00,0.00000e+00,1.00000e+00,0.00000e+00,1.00000e+00,0.00000e+00,1.00000e+00,0.00000e+00,1.00000e+00,0.00000e+00,1.00000e+00,0.00000e+00,1.00000e+00,0.00000e+00,1.00000e+00,0.00000e+00,1.00000e+00,0.00000e+00,1.00000e+00,0.00000e+00,1.00000e+00,0.00000e+00,1.00000e+00,0.00000e+00,1.00000e+00,0.00000e+00,1.00000e+00,0.00000e+00,1.00000e+00,0.00000e+00,1.00000e+00,0.00000e+00,1.00000e+00
-1.00000e+00,-1.00000e+00,-1.00000e+00,4.50000e+02,2.73000e+02,-4.19795e+01,2.89834e-01,0.00000e+00,1.00000e+00,0.00000e+00,1.00000e+00,0.00000e+00,1.00000e+00,0.00000e+00,1.00000e+00,0.00000e+00,1.00000e+00,0.00000e+00,1.00000e+00,0.00000e+00,1.00000e+00,0.00000e+00,1.00000e+00,0.00000e+00,1.00000e+00,0.00000e+00,1.00000e+00,0.00000e+00,1.00000e+00,0.00000e+00,1.00000e+00,0.00000e+00,1.00000e+00,0.00000e+00,1.00000e+00,0.00000e+00,1.00000e+00,0.00000e+00,1.00000e+00,0.00000e+00,1.00000e+00,0.00000e+00,1.00000e+00,0.00000e+00,1.00000e+00,0.00000e+00,1.00000e+00,0.00000e+00,1.00000e+00,0.00000e+00,1.00000e+00,0.00000e+00,1.00000e+00,0.00000e+00,1.00000e+00,0.00000e+00,1.00000e+00,0.00000e+00,1.00000e+00
-1.00000e+00,-1.00000e+00,-1.00000e+00,9.30000e+01,1.74200e+03,4.64288e+01,3.82320e-01,0.00000e+00,1.00000e+00,0.00000e+00,1.00000e+00,0.00000e+00,1.00000e+00,0.00000e+00,1.00000e+00,0.00000e+00,1.00000e+00,0.00000e+00,1.00000e+00,0.00000e+00,1.00000e+00,0.00000e+00,1.00000e+00,0.00000e+00,1.00000e+00,0.00000e+00,1.00000e+00,0.00000e+00,1.00000e+00,0.00000e+00,1.00000e+00,0.00000e+00,1.00000e+00,0.00000e+00,1.00000e+00,0.00000e+00,1.00000e+00,0.00000e+00,1.00000e+00,0.00000e+00,1.00000e+00,0.00000e+00,1.00000e+00,0.00000e+00,1.00000e+00,0.00000e+00,1.00000e+00,0.00000e+00,1.00000e+00,0.00000e+00,1.00000e+00,0.00000e+00,1.00000e+00,0.00000e+00,1.00000e+00,0.00000e+00,1.00000e+00,0.00000e+00,1.00000e+00
-1.00000e+00,-1.00000e+00,-1.00000e+00,5.30000e+02,1.11000e+03,7.83833e+01,4.90864e-01,0.00000e+00,1.00000e+00,0.00000e+00,1.00000e+00,0.00000e+00,1.00000e+00,0.00000e+00,1.00000e+00,0.00000e+00,1.00000e+00,0.00000e+00,1.00000e+00,0.00000e+00,1.00000e+00,0.00000e+00,1.00000e+00,0.00000e+00,1.00000e+00,0.00000e+00,1.00000e+00,0.00000e+00,1.00000e+00,0.00000e+00,1.00000e+00,0.00000e+00,1.00000e+00,0.00000e+00,1.00000e+00,0.00000e+00,1.00000e+00,0.00000e+00,1.00000e+00,0.00000e+00,1.00000e+00,0.00000e+00,1.00000e+00,0.00000e+00,1.00000e+00,0.00000e+00,1.00000e+00,0.00000e+00,1.00000e+00,0.00000e+00,1.00000e+00,0.00000e+00,1.00000e+00,0.00000e+00,1.00000e+00,0.00000e+00,1.00000e+00,0.00000e+00,1.00000e+00
-1.00000e+00,-1.00000e+00,-1.00000e+00,3.26000e+02,7.99000e+02,-6.45673e+00,9.76160e-03,0.00000e+00,1.00000e+00,0.00000e+00,1.00000e+00,0.00000e+00,1.00000e+00,0.00000e+00,1.00000e+00,0.00000e+00,1.00000e+00,0.00000e+00,1.00000e+00,0.00000e+00,1.00000e+00,0.00000e+00,1.00000e+00,0.00000e+00,1.00000e+00,0.00000e+00,1.00000e+00,0.00000e+00,1.00000e+00,0.00000e+00,1.00000e+00,0.00000e+00,1.00000e+00,0.00000e+00,1.00000e+00,0.00000e+00,1.00000e+00,0.00000e+00,1.00000e+00,0.00000e+00,1.00000e+00,0.00000e+00,1.00000e+00,0.00000e+00,1.00000e+00,0.00000e+00,1.00000e+00,0.00000e+00,1.00000e+00,0.00000e+00,1.00000e+00,0.00000e+00,1.00000e+00,0.00000e+00,1.00000e+00,0.00000e+00,1.00000e+00,0.00000e+00,1.00000e+00
-1.00000e+00,-1.00000e+00,-1.00000e+00,2.06200e+03,6.48000e+02,1.97090e+01,7.00746e-02,0.00000e+00,1.00000e+00,0.00000e+00,1.00000e+00,0.00000e+00,1.00000e+00,0.00000e+00,1.00000e+00,0.00000e+00,1.00000e+00,0.00000e+00,1.00000e+00,0.00000e+00,1.00000e+00,0.00000e+00,1.00000e+00,0.00000e+00,1.00000e+00,0.00000e+00,1.00000e+00,0.00000e+00,1.00000e+00,0.00000e+00,1.00000e+00,0.00000e+00,1.00000e+00,0.00000e+00,1.00000e+00,0.00000e+00,1.00000e+00,0.00000e+00,1.00000e+00,0.00000e+00,1.00000e+00,0.00000e+00,1.00000e+00,0.00000e+00,1.00000e+00,0.00000e+00,1.00000e+00,0.00000e+00,1.00000e+00,0.00000e+00,1.00000e+00,0.00000e+00,1.00000e+00,0.00000e+00,1.00000e+00,0.00000e+00,1.00000e+00,0.00000e+00,1.00000e+00
-1.00000e+00,-1.00000e+00,-1.00000e+00,1.50500e+03,1.70800e+03,-7.63475e+01,6.19171e-01,0.00000e+00,1.00000e+00,0.00000e+00,1.00000e+00,0.00000e+00,1.00000e+00,0.00000e+00,1.00000e+00,0.00000e+00,1.00000e+00,0.00000e+00,1.00000e+00,0.00000e+00,1.00000e+00,0.00000e+00,1.00000e+00,0.00000e+00,1.00000e+00,0.00000e+00,1.00000e+00,0.00000e+00,1.00000e+00,0.00000e+00,1.00000e+00,0.00000e+00,1.00000e+00,0.00000e+00,1.00000e+00,0.00000e+00,1.00000e+00,0.00000e+00,1.00000e+00,0.00000e+00,1.00000e+00,0.00000e+00,1.00000e+00,0.00000e+00,1.00000e+00,0.00000e+00,1.00000e+00,0.00000e+00,1.00000e+00,0.00000e+00,1.00000e+00,0.00000e+00,1.00000e+00,0.00000e+00,1.00000e+00,0.00000e+00,1.00000e+00,0.00000e+00,1.00000e+00
-1.00000e+00,-1.00000e+00,-1.00000e+00,1.17900e+03,1.10400e+03,3.97127e+01,2.77848e-01,0.00000e+00,1.00000e+00,0.00000e+00,1.00000e+00,0.00000e+00,1.00000e+00,0.00000e+00,1.00000e+00,0.00000e+00,1.00000e+00,0.00000e+00,1.00000e+00,0.00000e+00,1.00000e+00,0.00000e+00,1.00000e+00,0.00000e+00,1.00000e+00,0.00000e+00,1.00000e+00,0.00000e+00,1.00000e+00,0.00000e+00,1.00000e+00,0.00000e+00,1.00000e+00,0.00000e+00,1.00000e+00,0.00000e+00,1.00000e+00,0.00000e+00,1.00000e+00,0.00000e+00,1.00000e+00,0.00000e+00,1.00000e+00,0.00000e+00,1.00000e+00,0.00000e+00,1.00000e+00,0.00000e+00,1.00000e+00,0.00000e+00,1.00000e+00,0.00000e+00,1.00000e+00,0.00000e+00,1.00000e+00,0.00000e+00,1.00000e+00,0.00000e+00,1.00000e+00
-1.00000e+00,-1.00000e+00,-1.00000e+00,6.36000e+02,5.44000e+02,6.63958e+00,1.02104e-02,0.00000e+00,1.00000e+00,0.00000e+00,1.00000e+00,0.00000e+00,1.00000e+00,0.00000e+00,1.00000e+00,0.00000e+00,1.00000e+00,0.00000e+00,1.00000e+00,0.00000e+00,1.00000e+00,0.00000e+00,1.00000e+00,0.00000e+00,1.00000e+00,0.00000e+00,1.00000e+00,0.00000e+00,1.00000e+00,0.00000e+00,1.00000e+00,0.00000e+00,1.00000e+00,0.00000e+00,1.00000e+00,0.00000e+00,1.00000e+00,0.00000e+00,1.00000e+00,0.00000e+00,1.00000e+00,0.00000e+00,1.00000e+00,0.00000e+00,1.00000e+00,0.00000e+00,1.00000e+00,0.00000e+00,1.00000e+00,0.00000e+00,1.00000e+00,0.00000e+00,1.00000e+00,0.00000e+00,1.00000e+00,0.00000e+00,1.00000e+00,0.00000e+00,1.00000e+00
-1.00000e+00,-1.00000e+00,-1.00000e+00,1.58400e+03,1.12500e+03,2.20493e+01,2.50530e-01,0.00000e+00,1.00000e+00,0.00000e+00,1.00000e+00,0.00000e+00,1.00000e+00,0.00000e+00,1.00000e+00,0.00000e+00,1.00000e+00,0.00000e+00,1.00000e+00,0.00000e+00,1.00000e+00,0.00000e+00,1.00000e+00,0.00000e+00,1.00000e+00,0.00000e+00,1.00000e+00,0.00000e+00,1.00000e+00,0.00000e+00,1.00000e+00,0.00000e+00,1.00000e+00,0.00000e+00,1.00000e+00,0.00000e+00,1.00000e+00,0.00000e+00,1.00000e+00,0.00000e+00,1.00000e+00,0.00000e+00,1.00000e+00,0.00000e+00,1.00000e+00,0.00000e+00,1.00000e+00,0.00000e+00,1.00000e+00,0.00000e+00,1.00000e+00,0.00000e+00,1.00000e+00,0.00000e+00,1.00000e+00,0.00000e+00,1.00000e+00,0.00000e+00,1.00000e+00
-1.00000e+00,-1.00000e+00,-1.00000e+00,1.03900e+03,1.24600e+03,-3.54770e+00,5.22925e-01,0.00000e+00,1.00000e+00,0.00000e+00,1.00000e+00,0.00000e+00,1.00000e+00,0.00000e+00,1.00000e+00,0.00000e+00,1.00000e+00,0.00000e+00,1.00000e+00,0.00000e+00,1.00000e+00,0.00000e+00,1.00000e+00,0.00000e+00,1.00000e+00,0.00000e+00,1.00000e+00,0.00000e+00,1.00000e+00,0.00000e+00,1.00000e+00,0.00000e+00,1.00000e+00,0.00000e+00,1.00000e+00,0.00000e+00,1.00000e+00,0.00000e+00,1.00000e+00,0.00000e+00,1.00000e+00,0.00000e+00,1.00000e+00,0.00000e+00,1.00000e+00,0.00000e+00,1.00000e+00,0.00000e+00,1.00000e+00,0.00000e+00,1.00000e+00,0.00000e+00,1.00000e+00,0.00000e+00,1.00000e+00,0.00000e+00,1.00000e+00,0.00000e+00,1.00000e+00
-1.00000e+00,-1.00000e+00,-1.00000e+00,2.33000e+02,9.15000e+02,5.21035e+01,2.02556e-01,0.00000e+00,1.00000e+00,0.00000e+00,1.00000e+00,0.00000e+00,1.00000e+00,0.00000e+00,1.00000e+00,0.00000e+00,1.00000e+00,0.00000e+00,1.00000e+00,0.00000e+00,1.00000e+00,0.00000e+00,1.00000e+00,0.00000e+00,1.00000e+00,0.00000e+00,1.00000e+00,0.00000e+00,1.00000e+00,0.00000e+00,1.00000e+00,0.00000e+00,1.00000e+00,0.00000e+00,1.00000e+00,0.00000e+00,1.00000e+00,0.00000e+00,1.00000e+00,0.00000e+00,1.00000e+00,0.00000e+00,1.00000e+00,0.00000e+00,1.00000e+00,0.00000e+00,1.00000e+00,0.00000e+00,1.00000e+00,0.00000e+00,1.00000e+00,0.00000e+00,1.00000e+00,0.00000e+00,1.00000e+00,0.00000e+00,1.00000e+00,0.00000e+00,1.00000e+00
-1.00000e+00,-1.00000e+00,-1.00000e+00,6.80000e+01,6.90000e+02,2.81487e+01,3.66777e-02,0.00000e+00,1.00000e+00,0.00000e+00,1.00000e+00,0.00000e+00,1.00000e+00,0.00000e+00,1.00000e+00,0.00000e+00,1.00000e+00,0.00000e+00,1.00000e+00,0.00000e+00,1.00000e+00,0.00000e+00,1.00000e+00,0.00000e+00,1.00000e+00,0.00000e+00,1.00000e+00,0.00000e+00,1.00000e+00,0.00000e+00,1.00000e+00,0.00000e+00,1.00000e+00,0.00000e+00,1.00000e+00,0.00000e+00,1.00000e+00,0.00000e+00,1.00000e+00,0.00000e+00,1.00000e+00,0.00000e+00,1.00000e+00,0.00000e+00,1.00000e+00,0.00000e+00,1.00000e+00,0.00000e+00,1.00000e+00,0.00000e+00,1.00000e+00,0.00000e+00,1.00000e+00,0.00000e+00,1.00000e+00,0.00000e+00,1.00000e+00,0.00000e+00,1.00000e+00
-1.00000e+00,-1.00000e+00,-1.00000e+00,5.78000e+02,2.02000e+02,-3.31803e+01,1.16075e-01,0.00000e+00,1.00000e+00,0.00000e+00,1.00000e+00,0.00000e+00,1.00000e+00,0.00000e+00,1.00000e+00,0.00000e+00,1.00000e+00,0.00000e+00,1.00000e+00,0.00000e+00,1.00000e+00,0.00000e+00,1.00000e+00,0.00000e+00,1.00000e+00,0.00000e+00,1.00000e+00,0.00000e+00,1.00000e+00,0.00000e+00,1.00000e+00,0.00000e+00,1.00000e+00,0.00000e+00,1.00000e+00,0.00000e+00,1.00000e+00,0.00000e+00,1.00000e+00,0.00000e+00,1.00000e+00,0.00000e+00,1.00000e+00,0.00000e+00,1.00000e+00,0.00000e+00,1.00000e+00,0.00000e+00,1.00000e+00,0.00000e+00,1.00000e+00,0.00000e+00,1.00000e+00,0.00000e+00,1.00000e+00,0.00000e+00,1.00000e+00,0.00000e+00,1.00000e+00
-1.00000e+00,-1.00000e+00,-1.00000e+00,1.37000e+02,3.99000e+02,-1.01178e+02,8.48282e-01,0.00000e+00,1.00000e+00,0.00000e+00,1.00000e+00,0.00000e+00,1.00000e+00,0.00000e+00,1.00000e+00,0.00000e+00,1.00000e+00,0.00000e+00,1.00000e+00,0.00000e+00,1.00000e+00,0.00000e+00,1.00000e+00,0.00000e+00,1.00000e+00,0.00000e+00,1.00000e+00,0.00000e+00,1.00000e+00,0.00000e+00,1.00000e+00,0.00000e+00,1.00000e+00,0.00000e+00,1.00000e+00,0.00000e+00,1.00000e+00,0.00000e+00,1.00000e+00,0.00000e+00,1.00000e+00,0.00000e+00,1.00000e+00,0.00000e+00,1.00000e+00,0.00000e+00,1.00000e+00,0.00000e+00,1.00000e+00,0.00000e+00,1.00000e+00,0.00000e+00,1.00000e+00,0.00000e+00,1.00000e+00,0.00000e+00,1.00000e+00,0.00000e+00,1.00000e+00
-1.00000e+00,-1.00000e+00,-1.00000e+00,1.11000e+02,1.16000e+03,-3.75070e+01,2.62670e-01,0.00000e+00,1.00000e+00,0.00000e+00,1.00000e+00,0.00000e+00,1.00000e+00,0.00000e+00,1.00000e+00,0.00000e+00,1.00000e+00,0.00000e+00,1.00000e+00,0.00000e+00,1.00000e+00,0.00000e+00,1.00000e+00,0.00000e+00,1.00000e+00,0.00000e+00,1.00000e+00,0.00000e+00,1.00000e+00,0.00000e+00,1.00000e+00,0.00000e+00,1.00000e+00,0.00000e+00,1.00000e+00,0.00000e+00,1.00000e+00,0.00000e+00,1.00000e+00,0.00000e+00,1.00000e+00,0.00000e+00,1.00000e+00,0.00000e+00,1.00000e+00,0.00000e+00,1.00000e+00,0.00000e+00,1.00000e+00,0.00000e+00,1.00000e+00,0.00000e+00,1.00000e+00,0.00000e+00,1.00000e+00,0.00000e+00,1.00000e+00,0.00000e+00,1.00000e+00
-1.00000e+00,-1.00000e+00,-1.00000e+00,1.94000e+03,1.99500e+03,1.00537e+01,4.09547e-02,0.00000e+00,1.00000e+00,0.00000e+00,1.00000e+00,0.00000e+00,1.00000e+00,0.00000e+00,1.00000e+00,0.00000e+00,1.00000e+00,0.00000e+00,1.00000e+00,0.00000e+00,1.00000e+00,0.00000e+00,1.00000e+00,0.00000e+00,1.00000e+00,0.00000e+00,1.00000e+00,0.00000e+00,1.00000e+00,0.00000e+00,1.00000e+00,0.00000e+00,1.00000e+00,0.00000e+00,1.00000e+00,0.00000e+00,1.00000e+00,0.00000e+00,1.00000e+00,0.00000e+00,1.00000e+00,0.00000e+00,1.00000e+00,0.00000e+00,1.00000e+00,0.00000e+00,1.00000e+00,0.00000e+00,1.00000e+00,0.00000e+00,1.00000e+00,0.00000e+00,1.00000e+00,0.00000e+00,1.00000e+00,0.00000e+00,1.00000e+00,0.00000e+00,1.00000e+00
-1.00000e+00,-1.00000e+00,-1.00000e+00,6.79000e+02,5.69000e+02,-7.89041e+01,7.16357e-01,0.00000e+00,1.00000e+00,0.00000e+00,1.00000e+00,0.00000e+00,1.00000e+00,0.00000e+00,1.00000e+00,0.00000e+00,1.00000e+00,0.00000e+00,1.00000e+00,0.00000e+00,1.00000e+00,0.00000e+00,1.00000e+00,0.00000e+00,1.00000e+00,0.00000e+00,1.00000e+00,0.00000e+00,1.00000e+00,0.00000e+00,1.00000e+00,0.00000e+00,1.00000e+00,0.00000e+00,1.00000e+00,0.00000e+00,1.00000e+00,0.00000e+00,1.00000e+00,0.00000e+00,1.00000e+00,0.00000e+00,1.00000e+00,0.00000e+00,1.00000e+00,0.00000e+00,1.00000e+00,0.00000e+00,1.00000e+00,0.00000e+00,1.00000e+00,0.00000e+00,1.00000e+00,0.00000e+00,1.00000e+00,0.00000e+00,1.00000e+00,0.00000e+00,1.00000e+00
-1.00000e+00,-1.00000e+00,-1.00000e+00,1.74800e+03,3.48000e+02,-2.61890e+01,1.77729e-01,0.00000e+00,1.00000e+00,0.00000e+00,1.00000e+00,0.00000e+00,1.00000e+00,0.00000e+00,1.00000e+00,0.00000e+00,1.00000e+00,0.00000e+00,1.00000e+00,0.00000e+00,1.00000e+00,0.00000e+00,1.00000e+00,0.00000e+00,1.00000e+00,0.00000e+00,1.00000e+00,0.00000e+00,1.00000e+00,0.00000e+00,1.00000e+00,0.00000e+00,1.00000e+00,0.00000e+00,1.00000e+00,0.00000e+00,1.00000e+00,0.00000e+00,1.00000e+00,0.00000e+00,1.00000e+00,0.00000e+00,1.00000e+00,0.00000e+00,1.00000e+00,0.00000e+00,1.00000e+00,0.00000e+00,1.00000e+00,0.00000e+00,1.00000e+00,0.00000e+00,1.00000e+00,0.00000e+00,1.00000e+00,0.00000e+00,1.00000e+00,0.00000e+00,1.00000e+00
-1.00000e+00,-1.00000e+00,-1.00000e+00,5.84000e+02,9.60000e+01,-2.43617e+01,1.02359e-01,0.00000e+00,1.00000e+00,0.00000e+00,1.00000e+00,0.00000e+00,1.00000e+00,0.00000e+00,1.00000e+00,0.00000e+00,1.00000e+00,0.00000e+00,1.00000e+00,0.00000e+00,1.00000e+00,0.00000e+00,1.00000e+00,0.00000e+00,1.00000e+00,0.00000e+00,1.00000e+00,0.00000e+00,1.00000e+00,0.00000e+00,1.00000e+00,0.00000e+00,1.00000e+00,0.00000e+00,1.00000e+00,0.00000e+00,1.00000e+00,0.00000e+00,1.00000e+00,0.00000e+00,1.00000e+00,0.00000e+00,1.00000e+00,0.00000e+00,1.00000e+00,0.00000e+00,1.00000e+00,0.00000e+00,1.00000e+00,0.00000e+00,1.00000e+00,0.00000e+00,1.00000e+00,0.00000e+00,1.00000e+00,0.00000e+00,1.00000e+00,0.00000e+00,1.00000e+00
-1.00000e+00,-1.00000e+00,-1.00000e+00,1.03000e+02,1.90300e+03,7.19382e+00,1.74972e-02,0.00000e+00,1.00000e+00,0.00000e+00,1.00000e+00,0.00000e+00,1.00000e+00,0.00000e+00,1.00000e+00,0.00000e+00,1.00000e+00,0.00000e+00,1.00000e+00,0.00000e+00,1.00000e+00,0.00000e+00,1.00000e+00,0.00000e+00,1.00000e+00,0.00000e+00,1.00000e+00,0.00000e+00,1.00000e+00,0.00000e+00,1.00000e+00,0.00000e+00,1.00000e+00,0.00000e+00,1.00000e+00,0.00000e+00,1.00000e+00,0.00000e+00,1.00000e+00,0.00000e+00,1.00000e+00,0.00000e+00,1.00000e+00,0.00000e+00,1.00000e+00,0.00000e+00,1.00000e+00,0.00000e+00,1.00000e+00,0.00000e+00,1.00000e+00,0.00000e+00,1.00000e+00,0.00000e+00,1.00000e+00,0.00000e+00,1.00000e+00,0.00000e+00,1.00000e+00
-1.00000e+00,-1.00000e+00,-1.00000e+00,1.95300e+03,1.20800e+03,1.99435e+01,2.21729e-01,0.00000e+00,1.00000e+00,0.00000e+00,1.00000e+00,0.00000e+00,1.00000e+00,0.00000e+00,1.00000e+00,0.00000e+00,1.00000e+00,0.00000e+00,1.00000e+00,0.00000e+00,1.00000e+00,0.00000e+00,1.00000e+00,0.00000e+00,1.00000e+00,0.00000e+00,1.00000e+00,0.00000e+00,1.00000e+00,0.00000e+00,1.00000e+00,0.00000e+00,1.00000e+00,0.00000e+00,1.00000e+00,0.00000e+00,1.00000e+00,0.00000e+00,1.00000e+00,0.00000e+00,1.00000e+00,0.00000e+00,1.00000e+00,0.00000e+00,1.00000e+00,0.00000e+00,1.00000e+00,0.00000e+00,1.00000e+00,0.00000e+00,1.00000e+00,0.00000e+00,1.00000e+00,0.00000e+00,1.00000e+00,0.00000e+00,1.00000e+00,0.00000e+00,1.00000e+00
-1.00000e+00,-1.00000e+00,-1.00000e+00,1.01000e+02,1.64100e+03,8.19165e+01,5.82483e-01,0.00000e+00,1.00000e+00,0.00000e+00,1.00000e+00,0.00000e+00,1.00000e+00,0.00000e+00,1.00000e+00,0.00000e+00,1.00000e+00,0.00000e+00,1.00000e+00,0.00000e+00,1.00000e+00,0.00000e+00,1.00000e+00,0.00000e+00,1.00000e+00,0.00000e+00,1.00000e+00,0.00000e+00,1.00000e+00,0.00000e+00,1.00000e+00,0.00000e+00,1.00000e+00,0.00000e+00,1.00000e+00,0.00000e+00,1.00000e+00,0.00000e+00,1.00000e+00,0.00000e+00,1.00000e+00,0.00000e+00,1.00000e+00,0.00000e+00,1.00000e+00,0.00000e+00,1.00000e+00,0.00000e+00,1.00000e+00,0.00000e+00,1.00000e+00,0.00000e+00,1.00000e+00,0.00000e+00,1.00000e+00,0.00000e+00,1.00000e+00,0.00000e+00,1.00000e+00
-1.00000e+00,-1.00000e+00,-1.00000e+00,1.66600e+03,5.25000e+02,6.60881e+00,1.22734e-02,0.00000e+00,1.00000e+00,0.00000e+00,1.00000e+00,0.00000e+00,1.00000e+00,0.00000e+00,1.00000e+00,0.00000e+00,1.00000e+00,0.00000e+00,1.00000e+00,0.00000e+00,1.00000e+00,0.00000e+00,1.00000e+00,0.00000e+00,1.00000e+00,0.00000e+00,1.00000e+00,0.00000e+00,1.00000e+00,0.00000e+00,1.00000e+00,0.00000e+00,1.00000e+00,0.00000e+00,1.00000e+00,0.00000e+00,1.00000e+00,0.00000e+00,1.00000e+00,0.00000e+00,1.00000e+00,0.00000e+00,1.00000e+00,0.00000e+00,1.00000e+00,0.00000e+00,1.00000e+00,0.00000e+00,1.00000e+00,0.00000e+00,1.00000e+00,0.00000e+00,1.00000e+00,0.00000e+00,1.00000e+00,0.00000e+00,1.00000e+00,0.00000e+00,1.00000e+00
-1.00000e+00,-1.00000e+00,-1.00000e+00,1.23000e+02,1.11600e+03,1.27995e+02,6.35516e-01,0.00000e+00,1.00000e+00,0.00000e+00,1.00000e+00,0.00000e+00,1.00000e+00,0.00000e+00,1.00000e+00,0.00000e+00,1.00000e+00,0.00000e+00,1.00000e+00,0.00000e+00,1.00000e+00,0.00000e+00,1.00000e+00,0.00000e+00,1.00000e+00,0.00000e+00,1.00000e+00,0.00000e+00,1.00000e+00,0.00000e+00,1.00000e+00,0.00000e+00,1.00000e+00,0.00000e+00,1.00000e+00,0.00000e+00,1.00000e+00,0.00000e+00,1.00000e+00,0.00000e+00,1.00000e+00,0.00000e+00,1.00000e+00,0.00000e+00,1.00000e+00,0.00000e+00,1.00000e+00,0.00000e+00,1.00000e+00,0.00000e+00,1.00000e+00,0.00000e+00,1.00000e+00,0.00000e+00,1.00000e+00,0.00000e+00,1.00000e+00,0.00000e+00,1.00000e+00
-1.00000e+00,-1.00000e+00,-1.00000e+00,1.13000e+03,7.54000e+02,8.51909e+01,4.46823e-01,0.00000e+00,1.00000e+00,0.00000e+00,1.00000e+00,0.00000e+00,1.00000e+00,0.00000e+00,1.00000e+00,0.00000e+00,1.00000e+00,0.00000e+00,1.00000e+00,0.00000e+00,1.00000e+00,0.00000e+00,1.00000e+00,0.00000e+00,1.00000e+00,0.00000e+00,1.00000e+00,0.00000e+00,1.00000e+00,0.00000e+00,1.00000e+00,0.00000e+00,1.00000e+00,0.00000e+00,1.00000e+00,0.00000e+00,1.00000e+00,0.00000e+00,1.00000e+00,0.00000e+00,1.00000e+00,0.00000e+00,1.00000e+00,0.00000e+00,1.00000e+00,0.00000e+00,1.00000e+00,0.00000e+00,1.00000e+00,0.00000e+00,1.00000e+00,0.00000e+00,1.00000e+00,0.00000e+00,1.00000e+00,0.00000e+00,1.00000e+00,0.00000e+00,1.00000e+00
-1.00000e+00,-1.00000e+00,-1.00000e+00,1.93200e+03,2.01500e+03,3.22623e+00,1.32467e-03,0.00000e+00,1.00000e+00,0.00000e+00,1.00000e+00,0.00000e+00,1.00000e+00,0.00000e+00,1.00000e+00,0.00000e+00,1.00000e+00,0.00000e+00,1.00000e+00,0.00000e+00,1.00000e+00,0.00000e+00,1.00000e+00,0.00000e+00,1.00000e+00,0.00000e+00,1.00000e+00,0.00000e+00,1.00000e+00,0.00000e+00,1.00000e+00,0.00000e+00,1.00000e+00,0.00000e+00,1.00000e+00,0.00000e+00,1.00000e+00,0.00000e+00,1.00000e+00,0.00000e+00,1.00000e+00,0.00000e+00,1.00000e+00,0.00000e+00,1.00000e+00,0.00000e+00,1.00000e+00,0.00000e+00,1.00000e+00,0.00000e+00,1.00000e+00,0.00000e+00,1.00000e+00,0.00000e+00,1.00000e+00,0.00000e+00,1.00000e+00,0.00000e+00,1.00000e+00
-1.00000e+00,-1.00000e+00,-1.00000e+00,2.64000e+02,1.13700e+03,6.79947e+01,5.77147e-01,0.00000e+00,1.00000e+00,0.00000e+00,1.00000e+00,0.00000e+00,1.00000e+00,0.00000e+00,1.00000e+00,0.00000e+00,1.00000e+00,0.00000e+00,1.00000e+00,0.00000e+00,1.00000e+00,0.00000e+00,1.00000e+00,0.00000e+00,1.00000e+00,0.00000e+00,1.00000e+00,0.00000e+00,1.00000e+00,0.00000e+00,1.00000e+00,0.00000e+00,1.00000e+00,0.00000e+00,1.00000e+00,0.00000e+00,1.00000e+00,0.00000e+00,1.00000e+00,0.00000e+00,1.00000e+00,0.00000e+00,1.00000e+00,0.00000e+00,1.00000e+00,0.00000e+00,1.00000e+00,0.00000e+00,1.00000e+00,0.00000e+00,1.00000e+00,0.00000e+00,1.00000e+00,0.00000e+00,1.00000e+00,0.00000e+00,1.00000e+00,0.00000e+00,1.00000e+00
-1.00000e+00,-1.00000e+00,-1.00000e+00,1.47300e+03,1.66100e+03,2.36239e+00,3.26108e-04,0.00000e+00,1.00000e+00,0.00000e+00,1.00000e+00,0.00000e+00,1.00000e+00,0.00000e+00,1.00000e+00,0.00000e+00,1.00000e+00,0.00000e+00,1.00000e+00,0.00000e+00,1.00000e+00,0.00000e+00,1.00000e+00,0.00000e+00,1.00000e+00,0.00000e+00,1.00000e+00,0.00000e+00,1.00000e+00,0.00000e+00,1.00000e+00,0.00000e+00,1.00000e+00,0.00000e+00,1.00000e+00,0.00000e+00,1.00000e+00,0.00000e+00,1.00000e+00,0.00000e+00,1.00000e+00,0.00000e+00,1.00000e+00,0.00000e+00,1.00000e+00,0.00000e+00,1.00000e+00,0.00000e+00,1.00000e+00,0.00000e+00,1.00000e+00,0.00000e+00,1.00000e+00,0.00000e+00,1.00000e+00,0.00000e+00,1.00000e+00,0.00000e+00,1.00000e+00
-1.00000e+00,-1.00000e+00,-1.00000e+00,1.71100e+03,7.17000e+02,-1.91765e+00,5.30439e-04,0.00000e+00,1.00000e+00,0.00000e+00,1.00000e+00,0.00000e+00,1.00000e+00,0.00000e+00,1.00000e+00,0.00000e+00,1.00000e+00,0.00000e+00,1.00000e+00,0.00000e+00,1.00000e+00,0.00000e+00,1.00000e+00,0.00000e+00,1.00000e+00,0.00000e+00,1.00000e+00,0.00000e+00,1.00000e+00,0.00000e+00,1.00000e+00,0.00000e+00,1.00000e+00,0.00000e+00,1.00000e+00,0.00000e+00,1.00000e+00,0.00000e+00,1.00000e+00,0.00000e+00,1.00000e+00,0.00000e+00,1.00000e+00,0.00000e+00,1.00000e+00,0.00000e+00,1.00000e+00,0.00000e+00,1.00000e+00,0.00000e+00,1.00000e+00,0.00000e+00,1.00000e+00,0.00000e+00,1.00000e+00,0.00000e+00,1.00000e+00,0.00000e+00,1.00000e+00
-1.00000e+00,-1.00000e+00,-1.00000e+00,1.90300e+03,1.48600e+03,-4.18325e+00,1.27447e-02,0.00000e+00,1.00000e+00,0.00000e+00,1.00000e+00,0.00000e+00,1.00000e+00,0.00000e+00,1.00000e+00,0.00000e+00,1.00000e+00,0.00000e+00,1.00000e+00,0.00000e+00,1.00000e+00,0.00000e+00,1.00000e+00,0.00000e+00,1.00000e+00,0.00000e+00,1.00000e+00,0.00000e+00,1.00000e+00,0.00000e+00,1.00000e+00,0.00000e+00,1.00000e+00,0.00000e+00,1.00000e+00,0.00000e+00,1.00000e+00,0.00000e+00,1.00000e+00,0.00000e+00,1.00000e+00,0.00000e+00,1.00000e+00,0.00000e+00,1.00000e+00,0.00000e+00,1.00000e+00,0.00000e+00,1.00000e+00,0.00000e+00,1.00000e+00,0.00000e+00,1.00000e+00,0.00000e+00,1.00000e+00,0.00000e+00,1.00000e+00,0.00000e+00,1.00000e+00
-1.00000e+00,-1.00000e+00,-1.00000e+00,1.87700e+03,1.60000e+03,8.11064e+01,6.66724e-01,0.00000e+00,1.00000e+00,0.00000e+00,1.00000e+00,0.00000e+00,1.00000e+00,0.00000e+00,1.00000e+00,0.00000e+00,1.00000e+00,0.00000e+00,1.00000e+00,0.00000e+00,1.00000e+00,0.00000e+00,1.00000e+00,0.00000e+00,1.00000e+00,0.00000e+00,1.00000e+00,0.00000e+00,1.00000e+00,0.00000e+00,1.00000e+00,0.00000e+00,1.00000e+00,0.00000e+00,1.00000e+00,0.00000e+00,1.00000e+00,0.00000e+00,1.00000e+00,0.00000e+00,1.00000e+00,0.00000e+00,1.00000e+00,0.00000e+00,1.00000e+00,0.00000e+00,1.00000e+00,0.00000e+00,1.00000e+00,0.00000e+00,1.00000e+00,0.00000e+00,1.00000e+00,0.00000e+00,1.00000e+00,0.00000e+00,1.00000e+00,0.00000e+00,1.00000e+00
-1.00000e+00,-1.00000e+00,-1.00000e+00,3.55000e+02,8.50000e+01,-6.20694e+01,7.72779e-01,0.00000e+00,1.00000e+00,0.00000e+00,1.00000e+00,0.00000e+00,1.00000e+00,0.00000e+00,1.00000e+00,0.00000e+00,1.00000e+00,0.00000e+00,1.00000e+00,0.00000e+00,1.00000e+00,0.00000e+00,1.00000e+00,0.00000e+00,1.00000e+00,0.00000e+00,1.00000e+00,0.00000e+00,1.00000e+00,0.00000e+00,1.00000e+00,0.00000e+00,1.00000e+00,0.00000e+00,1.00000e+00,0.00000e+00,1.00000e+00,0.00000e+00,1.00000e+00,0.00000e+00,1.00000e+00,0.00000e+00,1.00000e+00,0.00000e+00,1.00000e+00,0.00000e+00,1.00000e+00,0.00000e+00,1.00000e+00,0.00000e+00,1.00000e+00,0.00000e+00,1.00000e+00,0.00000e+00,1.00000e+00,0.00000e+00,1.00000e+00,0.00000e+00,1.00000e+00
-1.00000e+00,-1.00000e+00,-1.00000e+00,1.22600e+03,1.54900e+03,1.63262e-01,9.23980e-07,0.00000e+00,1.00000e+00,0.00000e+00,1.00000e+00,0.00000e+00,1.00000e+00,0.00000e+00,1.00000e+00,0.00000e+00,1.00000e+00,0.00000e+00,1.00000e+00,0.00000e+00,1.00000e+00,0.00000e+00,1.00000e+00,0.00000e+00,1.00000e+00,0.00000e+00,1.00000e+00,0.00000e+00,1.00000e+00,0.00000e+00,1.00000e+00,0.00000e+00,1.00000e+00,0.00000e+00,1.00000e+00,0.00000e+00,1.00000e+00,0.00000e+00,1.00000e+00,0.00000e+00,1.00000e+00,0.00000e+00,1.00000e+00,0.00000e+00,1.00000e+00,0.00000e+00,1.00000e+00,0.00000e+00,1.00000e+00,0.00000e+00,1.00000e+00,0.00000e+00,1.00000e+00,0.00000e+00,1.00000e+00,0.00000e+00,1.00000e+00,0.00000e+00,1.00000e+00
-1.00000e+00,-1.00000e+00,-1.00000e+00,5.58000e+02,1.87400e+03,-2.31233e+01,4.99038e-02,0.00000e+00,1.00000e+00,0.00000e+00,1.00000e+00,0.00000e+00,1.00000e+00,0.00000e+00,1.00000e+00,0.00000e+00,1.00000e+00,0.00000e+00,1.00000e+00,0.00000e+00,1.00000e+00,0.00000e+00,1.00000e+00,0.00000e+00,1.00000e+00,0.00000e+00,1.00000e+00,0.00000e+00,1.00000e+00,0.00000e+00,1.00000e+00,0.00000e+00,1.00000e+00,0.00000e+00,1.00000e+00,0.00000e+00,1.00000e+00,0.00000e+00,1.00000e+00,0.00000e+00,1.00000e+00,0.00000e+00,1.00000e+00,0.00000e+00,1.00000e+00,0.00000e+00,1.00000e+00,0.00000e+00,1.00000e+00,0.00000e+00,1.00000e+00,0.00000e+00,1.00000e+00,0.00000e+00,1.00000e+00,0.00000e+00,1.00000e+00,0.00000e+00,1.00000e+00
-1.00000e+00,-1.00000e+00,-1.00000e+00,1.98500e+03,6.23000e+02,-7.76720e+00,4.96036e-01,0.00000e+00,1.00000e+00,0.00000e+00,1.00000e+00,0.00000e+00,1.00000e+00,0.00000e+00,1.00000e+00,0.00000e+00,1.00000e+00,0.00000e+00,1.00000e+00,0.00000e+00,1.00000e+00,0.00000e+00,1.00000e+00,0.00000e+00,1.00000e+00,0.00000e+00,1.00000e+00,0.00000e+00,1.00000e+00,0.00000e+00,1.00000e+00,0.00000e+00,1.00000e+00,0.00000e+00,1.00000e+00,0.00000e+00,1.00000e+00,0.00000e+00,1.00000e+00,0.00000e+00,1.00000e+00,0.00000e+00,1.00000e+00,0.00000e+00,1.00000e+00,0.00000e+00,1.00000e+00,0.00000e+00,1.00000e+00,0.00000e+00,1.00000e+00,0.00000e+00,1.00000e+00,0.00000e+00,1.00000e+00,0.00000e+00,1.00000e+00,0.00000e+00,1.00000e+00
-1.00000e+00,-1.00000e+00,-1.00000e+00,1.48000e+02,1.76500e+03,9.83862e+01,5.48745e-01,0.00000e+00,1.00000e+00,0.00000e+00,1.00000e+00,0.00000e+00,1.00000e+00,0.00000e+00,1.00000e+00,0.00000e+00,1.00000e+00,0.00000e+00,1.00000e+00,0.00000e+00,1.00000e+00,0.00000e+00,1.00000e+00,0.00000e+00,1.00000e+00,0.00000e+00,1.00000e+00,0.00000e+00,1.00000e+00,0.00000e+00,1.00000e+00,0.00000e+00,1.00000e+00,0.00000e+00,1.00000e+00,0.00000e+00,1.00000e+00,0.00000e+00,1.00000e+00,0.00000e+00,1.00000e+00,0.00000e+00,1.00000e+00,0.00000e+00,1.00000e+00,0.00000e+00,1.00000e+00,0.00000e+00,1.00000e+00,0.00000e+00,1.00000e+00,0.00000e+00,1.00000e+00,0.00000e+00,1.00000e+00,0.00000e+00,1.00000e+00,0.00000e+00,1.00000e+00
-1.00000e+00,-1.00000e+00,-1.00000e+00,1.95000e+02,1.15200e+03,5.37926e+01,4.46538e-01,0.00000e+00,1.00000e+00,0.00000e+00,1.00000e+00,0.00000e+00,1.00000e+00,0.00000e+00,1.00000e+00,0.00000e+00,1.00000e+00,0.00000e+00,1.00000e+00,0.00000e+00,1.00000e+00,0.00000e+00,1.00000e+00,0.00000e+00,1.00000e+00,0.00000e+00,1.00000e+00,0.00000e+00,1.00000e+00,0.00000e+00,1.00000e+00,0.00000e+00,1.00000e+00,0.00000e+00,1.00000e+00,0.00000e+00,1.00000e+00,0.00000e+00,1.00000e+00,0.00000e+00,1.00000e+00,0.00000e+00,1.00000e+00,0.00000e+00,1.00000e+00,0.00000e+00,1.00000e+00,0.00000e+00,1.00000e+00,0.00000e+00,1.00000e+00,0.00000e+00,1.00000e+00,0.00000e+00,1.00000e+00,0.00000e+00,1.00000e+00,0.00000e+00,1.00000e+00
-1.00000e+00,-1.00000e+00,-1.00000e+00,1.72000e+03,1.63300e+03,-1.55599e+01,3.66409e-02,0.00000e+00,1.00000e+00,0.00000e+00,1.00000e+00,0.00000e+00,1.00000e+00,0.00000e+00,1.00000e+00,0.00000e+00,1.00000e+00,0.00000e+00,1.00000e+00,0.00000e+00,1.00000e+00,0.00000e+00,1.00000e+00,0.00000e+00,1.00000e+00,0.00000e+00,1.00000e+00,0.00000e+00,1.00000e+00,0.00000e+00,1.00000e+00,0.00000e+00,1.00000e+00,0.00000e+00,1.00000e+00,0.00000e+00,1.00000e+00,0.00000e+00,1.00000e+00,0.00000e+00,1.00000e+00,0.00000e+00,1.00000e+00,0.00000e+00,1.00000e+00,0.00000e+00,1.00000e+00,0.00000e+00,1.00000e+00,0.00000e+00,1.00000e+00,0.00000e+00,1.00000e+00,0.00000e+00,1.00000e+00,0.00000e+00,1.00000e+00,0.00000e+00,1.00000e+00
-1.00000e+00,-1.00000e+00,-1.00000e+00,3.02000e+02,1.05500e+03,-4.34473e+01,3.09239e-01,0.00000e+00,1.00000e+00,0.00000e+00,1.00000e+00,0.00000e+00,1.00000e+00,0.00000e+00,1.00000e+00,0.00000e+00,1.00000e+00,0.00000e+00,1.00000e+00,0.00000e+00,1.00000e+00,0.00000e+00,1.00000e+00,0.00000e+00,1.00000e+00,0.00000e+00,1.00000e+00,0.00000e+00,1.00000e+00,0.00000e+00,1.00000e+00,0.00000e+00,1.00000e+00,0.00000e+00,1.00000e+00,0.00000e+00,1.00000e+00,0.00000e+00,1.00000e+00,0.00000e+00,1.00000e+00,0.00000e+00,1.00000e+00,0.00000e+00,1.00000e+00,0.00000e+00,1.00000e+00,0.00000e+00,1.00000e+00,0.00000e+00,1.00000e+00,0.00000e+00,1.00000e+00,0.00000e+00,1.00000e+00,0.00000e+00,1.00000e+00,0.00000e+00,1.00000e+00
-1.00000e+00,-1.00000e+00,-1.00000e+00,1.75200e+03,1.57900e+03,6.73646e+00,1.11270e-02,0.00000e+00,1.00000e+00,0.00000e+00,1.00000e+00,0.00000e+00,1.00000e+00,0.00000e+00,1.00000e+00,0.00000e+00,1.00000e+00,0.00000e+00,1.00000e+00,0.00000e+00,1.00000e+00,0.00000e+00,1.00000e+00,0.00000e+00,1.00000e+00,0.00000e+00,1.00000e+00,0.00000e+00,1.00000e+00,0.00000e+00,1.00000e+00,0.00000e+00,1.00000e+00,0.00000e+00,1.00000e+00,0.00000e+00,1.00000e+00,0.00000e+00,1.00000e+00,0.00000e+00,1.00000e+00,0.00000e+00,1.00000e+00,0.00000e+00,1.00000e+00,0.00000e+00,1.00000e+00,0.00000e+00,1.00000e+00,0.00000e+00,1.00000e+00,0.00000e+00,1.00000e+00,0.00000e+00,1.00000e+00,0.00000e+00,1.00000e+00,0.00000e+00,1.00000e+00
-1.00000e+00,-1.00000e+00,-1.00000e+00,1.78700e+03,8.66000e+02,-6.54431e-02,1.20428e-06,0.00000e+00,1.00000e+00,0.00000e+00,1.00000e+00,0.00000e+00,1.00000e+00,0.00000e+00,1.00000e+00,0.00000e+00,1.00000e+00,0.00000e+00,1.00000e+00,0.00000e+00,1.00000e+00,0.00000e+00,1.00000e+00,0.00000e+00,1.00000e+00,0.00000e+00,1.00000e+00,0.00000e+00,1.00000e+00,0.00000e+00,1.00000e+00,0.00000e+00,1.00000e+00,0.00000e+00,1.00000e+00,0.00000e+00,1.00000e+00,0.00000e+00,1.00000e+00,0.00000e+00,1.00000e+00,0.00000e+00,1.00000e+00,0.00000e+00,1.00000e+00,0.00000e+00,1.00000e+00,0.00000e+00,1.00000e+00,0.00000e+00,1.00000e+00,0.00000e+00,1.00000e+00,0.00000e+00,1.00000e+00,0.00000e+00,1.00000e+00,0.00000e+00,1.00000e+00
-1.00000e+00,-1.00000e+00,-1.00000e+00,2.43000e+02,4.94000e+02,-1.62128e+02,9.96276e-01,0.00000e+00,1.00000e+00,0.00000e+00,1.00000e+00,0.00000e+00,1.00000e+00,0.00000e+00,1.00000e+00,0.00000e+00,1.00000e+00,0.00000e+00,1.00000e+00,0.00000e+00,1.00000e+00,0.00000e+00,1.00000e+00,0.00000e+00,1.00000e+00,0.00000e+00,1.00000e+00,0.00000e+00,1.00000e+00,0.00000e+00,1.00000e+00,0.00000e+00,1.00000e+00,0.00000e+00,1.00000e+00,0.00000e+00,1.00000e+00,0.00000e+00,1.00000e+00,0.00000e+00,1.00000e+00,0.00000e+00,1.00000e+00,0.00000e+00,1.00000e+00,0.00000e+00,1.00000e+00,0.00000e+00,1.00000e+00,0.00000e+00,1.00000e+00,0.00000e+00,1.00000e+00,0.00000e+00,1.00000e+00,0.00000e+00,1.00000e+00,0.00000e+00,1.00000e+00
-1.00000e+00,-1.00000e+00,-1.00000e+00,1.04400e+03,1.62600e+03,-8.62233e+00,1.93978e-01,0.00000e+00,1.00000e+00,0.00000e+00,1.00000e+00,0.00000e+00,1.00000e+00,0.00000e+00,1.00000e+00,0.00000e+00,1.00000e+00,0.00000e+00,1.00000e+00,0.00000e+00,1.00000e+00,0.00000e+00,1.00000e+00,0.00000e+00,1.00000e+00,0.00000e+00,1.00000e+00,0.00000e+00,1.00000e+00,0.00000e+00,1.00000e+00,0.00000e+00,1.00000e+00,0.00000e+00,1.00000e+00,0.00000e+00,1.00000e+00,0.00000e+00,1.00000e+00,0.00000e+00,1.00000e+00,0.00000e+00,1.00000e+00,0.00000e+00,1.00000e+00,0.00000e+00,1.00000e+00,0.00000e+00,1.00000e+00,0.00000e+00,1.00000e+00,0.00000e+00,1.00000e+00,0.00000e+00,1.00000e+00,0.00000e+00,1.00000e+00,0.00000e+00,1.00000e+00
-1.00000e+00,-1.00000e+00,-1.00000e+00,3.53000e+02,1.35200e+03,-2.52423e+01,2.50883e-01,0.00000e+00,1.00000e+00,0.00000e+00,1.00000e+00,0.00000e+00,1.00000e+00,0.00000e+00,1.00000e+00,0.00000e+00,1.00000e+00,0.00000e+00,1.00000e+00,0.00000e+00,1.00000e+00,0.00000e+00,1.00000e+00,0.00000e+00,1.00000e+00,0.00000e+00,1.00000e+00,0.00000e+00,1.00000e+00,0.00000e+00,1.00000e+00,0.00000e+00,1.00000e+00,0.00000e+00,1.00000e+00,0.00000e+00,1.00000e+00,0.00000e+00,1.00000e+00,0.00000e+00,1.00000e+00,0.00000e+00,1.00000e+00,0.00000e+00,1.00000e+00,0.00000e+00,1.00000e+00,0.00000e+00,1.00000e+00,0.00000e+00,1.00000e+00,0.00000e+00,1.00000e+00,0.00000e+00,1.00000e+00,0.00000e+00,1.00000e+00,0.00000e+00,1.00000e+00
-1.00000e+00,-1.00000e+00,-1.00000e+00,2.51000e+02,1.45200e+03,-3.30063e+01,1.96174e-01,0.00000e+00,1.00000e+00,0.00000e+00,1.00000e+00,0.00000e+00,1.00000e+00,0.00000e+00,1.00000e+00,0.00000e+00,1.00000e+00,0.00000e+00,1.00000e+00,0.00000e+00,1.00000e+00,0.00000e+00,1.00000e+00,0.00000e+00,1.00000e+00,0.00000e+00,1.00000e+00,0.00000e+00,1.00000e+00,0.00000e+00,1.00000e+00,0.00000e+00,1.00000e+00,0.00000e+00,1.00000e+00,0.00000e+00,1.00000e+00,0.00000e+00,1.00000e+00,0.00000e+00,1.00000e+00,0.00000e+00,1.00000e+00,0.00000e+00,1.00000e+00,0.00000e+00,1.00000e+00,0.00000e+00,1.00000e+00,0.00000e+00,1.00000e+00,0.00000e+00,1.00000e+00,0.00000e+00,1.00000e+00,0.00000e+00,1.00000e+00,0.00000e+00,1.00000e+00
-1.00000e+00,-1.00000e+00,-1.00000e+00,2.02000e+03,9.45000e+02,4.17726e+00,6.89349e-03,0.00000e+00,1.00000e+00,0.00000e+00,1.00000e+00,0.00000e+00,1.00000e+00,0.00000e+00,1.00000e+00,0.00000e+00,1.00000e+00,0.00000e+00,1.00000e+00,0.00000e+00,1.00000e+00,0.00000e+00,1.00000e+00,0.00000e+00,1.00000e+00,0.00000e+00,1.00000e+00,0.00000e+00,1.00000e+00,0.00000e+00,1.00000e+00,0.00000e+00,1.00000e+00,0.00000e+00,1.00000e+00,0.00000e+00,1.00000e+00,0.00000e+00,1.00000e+00,0.00000e+00,1.00000e+00,0.00000e+00,1.00000e+00,0.00000e+00,1.00000e+00,0.00000e+00,1.00000e+00,0.00000e+00,1.00000e+00,0.00000e+00,1.00000e+00,0.00000e+00,1.00000e+00,0.00000e+00,1.00000e+00,0.00000e+00,1.00000e+00,0.00000e+00,1.00000e+00
-1.00000e+00,-1.00000e+00,-1.00000e+00,1.10300e+03,6.06000e+02,6.36079e+01,6.29026e-01,0.00000e+00,1.00000e+00,0.00000e+00,1.00000e+00,0.00000e+00,1.00000e+00,0.00000e+00,1.00000e+00,0.00000e+00,1.00000e+00,0.00000e+00,1.00000e+00,0.00000e+00,1.00000e+00,0.00000e+00,1.00000e+00,0.00000e+00,1.00000e+00,0.00000e+00,1.00000e+00,0.00000e+00,1.00000e+00,0.00000e+00,1.00000e+00,0.00000e+00,1.00000e+00,0.00000e+00,1.00000e+00,0.00000e+00,1.00000e+00,0.00000e+00,1.00000e+00,0.00000e+00,1.00000e+00,0.00000e+00,1.00000e+00,0.00000e+00,1.00000e+00,0.00000e+00,1.00000e+00,0.00000e+00,1.00000e+00,0.00000e+00,1.00000e+00,0.00000e+00,1.00000e+00,0.00000e+00,1.00000e+00,0.00000e+00,1.00000e+00,0.00000e+00,1.00000e+00
-1.00000e+00,-1.00000e+00,-1.00000e+00,1.31300e+03,1.19100e+03,2.04288e+01,8.30864e-02,0.00000e+00,1.00000e+00,0.00000e+00,1.00000e+00,0.00000e+00,1.00000e+00,0.00000e+00,1.00000e+00,0.00000e+00,1.00000e+00,0.00000e+00,1.00000e+00,0.00000e+00,1.00000e+00,0.00000e+00,1.00000e+00,0.00000e+00,1.00000e+00,0.00000e+00,1.00000e+00,0.00000e+00,1.00000e+00,0.00000e+00,1.00000e+00,0.00000e+00,1.00000e+00,0.00000e+00,1.00000e+00,0.00000e+00,1.00000e+00,0.00000e+00,1.00000e+00,0.00000e+00,1.00000e+00,0.00000e+00,1.00000e+00,0.00000e+00,1.00000e+00,0.00000e+00,1.00000e+00,0.00000e+00,1.00000e+00,0.00000e+00,1.00000e+00,0.00000e+00,1.00000e+00,0.00000e+00,1.00000e+00,0.00000e+00,1.00000e+00,0.00000e+00,1.00000e+00
-1.00000e+00,-1.00000e+00,-1.00000e+00,8.40000e+02,1.32500e+03,7.58117e+01,5.07547e-01,0.00000e+00,1.00000e+00,0.00000e+00,1.00000e+00,0.00000e+00,1.00000e+00,0.00000e+00,1.00000e+00,0.00000e+00,1.00000e+00,0.00000e+00,1.00000e+00,0.00000e+00,1.00000e+00,0.00000e+00,1.00000e+00,0.00000e+00,1.00000e+00,0.00000e+00,1.00000e+00,0.00000e+00,1.00000e+00,0.00000e+00,1.00000e+00,0.00000e+00,1.00000e+00,0.00000e+00,1.00000e+00,0.00000e+00,1.00000e+00,0.00000e+00,1.00000e+00,0.00000e+00,1.00000e+00,0.00000e+00,1.00000e+00,0.00000e+00,1.00000e+00,0.00000e+00,1.00000e+00,0.00000e+00,1.00000e+00,0.00000e+00,1.00000e+00,0.00000e+00,1.00000e+00,0.00000e+00,1.00000e+00,0.00000e+00,1.00000e+00,0.00000e+00,1.00000e+00
-1.00000e+00,-1.00000e+00,-1.00000e+00,4.28000e+02,1.60900e+03,-3.68022e+00,1.05413e-02,0.00000e+00,1.00000e+00,0.00000e+00,1.00000e+00,0.00000e+00,1.00000e+00,0.00000e+00,1.00000e+00,0.00000e+00,1.00000e+00,0.00000e+00,1.00000e+00,0.00000e+00,1.00000e+00,0.00000e+00,1.00000e+00,0.00000e+00,1.00000e+00,0.00000e+00,1.00000e+00,0.00000e+00,1.00000e+00,0.00000e+00,1.00000e+00,0.00000e+00,1.00000e+00,0.00000e+00,1.00000e+00,0.00000e+00,1.00000e+00,0.00000e+00,1.00000e+00,0.00000e+00,1.00000e+00,0.00000e+00,1.00000e+00,0.00000e+00,1.00000e+00,0.00000e+00,1.00000e+00,0.00000e+00,1.00000e+00,0.00000e+00,1.00000e+00,0.00000e+00,1.00000e+00,0.00000e+00,1.00000e+00,0.00000e+00,1.00000e+00,0.00000e+00,1.00000e+00
-1.00000e+00,-1.00000e+00,-1.00000e+00,1.86900e+03,4.68000e+02,6.68753e+00,6.14504e-02,0.00000e+00,1.00000e+00,0.00000e+00,1.00000e+00,0.00000e+00,1.00000e+00,0.00000e+00,1.00000e+00,0.00000e+00,1.00000e+00,0.00000e+00,1.00000e+00,0.00000e+00,1.00000e+00,0.00000e+00,1.00000e+00,0.00000e+00,1.00000e+00,0.00000e+00,1.00000e+00,0.00000e+00,1.00000e+00,0.00000e+00,1.00000e+00,0.00000e+00,1.00000e+00,0.00000e+00,1.00000e+00,0.00000e+00,1.00000e+00,0.00000e+00,1.00000e+00,0.00000e+00,1.00000e+00,0.00000e+00,1.00000e+00,0.00000e+00,1.00000e+00,0.00000e+00,1.00000e+00,0.00000e+00,1.00000e+00,0.00000e+00,1.00000e+00,0.00000e+00,1.00000e+00,0.00000e+00,1.00000e+00,0.00000e+00,1.00000e+00,0.00000e+00,1.00000e+00
-1.00000e+00,-1.00000e+00,-1.00000e+00,9.39000e+02,1.87400e+03,3.48826e+00,4.70968e-03,0.00000e+00,1.00000e+00,0.00000e+00,1.00000e+00,0.00000e+00,1.00000e+00,0.00000e+00,1.00000e+00,0.00000e+00,1.00000e+00,0.00000e+00,1.00000e+00,0.00000e+00,1.00000e+00,0.00000e+00,1.00000e+00,0.00000e+00,1.00000e+00,0.00000e+00,1.00000e+00,0.00000e+00,1.00000e+00,0.00000e+00,1.00000e+00,0.00000e+00,1.00000e+00,0.00000e+00,1.00000e+00,0.00000e+00,1.00000e+00,0.00000e+00,1.00000e+00,0.00000e+00,1.00000e+00,0.00000e+00,1.00000e+00,0.00000e+00,1.00000e+00,0.00000e+00,1.00000e+00,0.00000e+00,1.00000e+00,0.00000e+00,1.00000e+00,0.00000e+00,1.00000e+00,0.00000e+00,1.00000e+00,0.00000e+00,1.00000e+00,0.00000e+00,1.00000e+00
-1.00000e+00,-1.00000e+00,-1.00000e+00,9.79000e+02,1.74000e+03,1.82817e+01,4.89060e-02,0.00000e+00,1.00000e+00,0.00000e+00,1.00000e+00,0.00000e+00,1.00000e+00,0.00000e+00,1.00000e+00,0.00000e+00,1.00000e+00,0.00000e+00,1.00000e+00,0.00000e+00,1.00000e+00,0.00000e+00,1.00000e+00,0.00000e+00,1.00000e+00,0.00000e+00,1.00000e+00,0.00000e+00,1.00000e+00,0.00000e+00,1.00000e+00,0.00000e+00,1.00000e+00,0.00000e+00,1.00000e+00,0.00000e+00,1.00000e+00,0.00000e+00,1.00000e+00,0.00000e+00,1.00000e+00,0.00000e+00,1.00000e+00,0.00000e+00,1.00000e+00,0.00000e+00,1.00000e+00,0.00000e+00,1.00000e+00,0.00000e+00,1.00000e+00,0.00000e+00,1.00000e+00,0.00000e+00,1.00000e+00,0.00000e+00,1.00000e+00,0.00000e+00,1.00000e+00
-1.00000e+00,-1.00000e+00,-1.00000e+00,1.90600e+03,6.51000e+02,7.50535e-01,6.47703e-05,0.00000e+00,1.00000e+00,0.00000e+00,1.00000e+00,0.00000e+00,1.00000e+00,0.00000e+00,1.00000e+00,0.00000e+00,1.00000e+00,0.00000e+00,1.00000e+00,0.00000e+00,1.00000e+00,0.00000e+00,1.00000e+00,0.00000e+00,1.00000e+00,0.00000e+00,1.00000e+00,0.00000e+00,1.00000e+00,0.00000e+00,1.00000e+00,0.00000e+00,1.00000e+00,0.00000e+00,1.00000e+00,0.00000e+00,1.00000e+00,0.00000e+00,1.00000e+00,0.00000e+00,1.00000e+00,0.00000e+00,1.00000e+00,0.00000e+00,1.00000e+00,0.00000e+00,1.00000e+00,0.00000e+00,1.00000e+00,0.00000e+00,1.00000e+00,0.00000e+00,1.00000e+00,0.00000e+00,1.00000e+00,0.00000e+00,1.00000e+00,0.00000e+00,1.00000e+00
-1.00000e+00,-1.00000e+00,-1.00000e+00,2.05300e+03,1.02500e+03,-1.01506e+02,8.98764e-01,0.00000e+00,1.00000e+00,0.00000e+00,1.00000e+00,0.00000e+00,1.00000e+00,0.00000e+00,1.00000e+00,0.00000e+00,1.00000e+00,0.00000e+00,1.00000e+00,0.00000e+00,1.00000e+00,0.00000e+00,1.00000e+00,0.00000e+00,1.00000e+00,0.00000e+00,1.00000e+00,0.00000e+00,1.00000e+00,0.00000e+00,1.00000e+00,0.00000e+00,1.00000e+00,0.00000e+00,1.00000e+00,0.00000e+00,1.00000e+00,0.00000e+00,1.00000e+00,0.00000e+00,1.00000e+00,0.00000e+00,1.00000e+00,0.00000e+00,1.00000e+00,0.00000e+00,1.00000e+00,0.00000e+00,1.00000e+00,0.00000e+00,1.00000e+00,0.00000e+00,1.00000e+00,0.00000e+00,1.00000e+00,0.00000e+00,1.00000e+00,0.00000e+00,1.00000e+00
-1.00000e+00,-1.00000e+00,-1.00000e+00,1.53000e+03,2.01600e+03,2.99588e+01,1.77145e-01,0.00000e+00,1.00000e+00,0.00000e+00,1.00000e+00,0.00000e+00,1.00000e+00,0.00000e+00,1.00000e+00,0.00000e+00,1.00000e+00,0.00000e+00,1.00000e+00,0.00000e+00,1.00000e+00,0.00000e+00,1.00000e+00,0.00000e+00,1.00000e+00,0.00000e+00,1.00000e+00,0.00000e+00,1.00000e+00,0.00000e+00,1.00000e+00,0.00000e+00,1.00000e+00,0.00000e+00,1.00000e+00,0.00000e+00,1.00000e+00,0.00000e+00,1.00000e+00,0.00000e+00,1.00000e+00,0.00000e+00,1.00000e+00,0.00000e+00,1.00000e+00,0.00000e+00,1.00000e+00,0.00000e+00,1.00000e+00,0.00000e+00,1.00000e+00,0.00000e+00,1.00000e+00,0.00000e+00,1.00000e+00,0.00000e+00,1.00000e+00,0.00000e+00,1.00000e+00
-1.00000e+00,-1.00000e+00,-1.00000e+00,6.34000e+02,6.31000e+02,3.71828e+01,2.08477e-01,0.00000e+00,1.00000e+00,0.00000e+00,1.00000e+00,0.00000e+00,1.00000e+00,0.00000e+00,1.00000e+00,0.00000e+00,1.00000e+00,0.00000e+00,1.00000e+00,0.00000e+00,1.00000e+00,0.00000e+00,1.00000e+00,0.00000e+00,1.00000e+00,0.00000e+00,1.00000e+00,0.00000e+00,1.00000e+00,0.00000e+00,1.00000e+00,0.00000e+00,1.00000e+00,0.00000e+00,1.00000e+00,0.00000e+00,1.00000e+00,0.00000e+00,1.00000e+00,0.00000e+00,1.00000e+00,0.00000e+00,1.00000e+00,0.00000e+00,1.00000e+00,0.00000e+00,1.00000e+00,0.00000e+00,1.00000e+00,0.00000e+00,1.00000e+00,0.00000e+00,1.00000e+00,0.00000e+00,1.00000e+00,0.00000e+00,1.00000e+00,0.00000e+00,1.00000e+00
-1.00000e+00,-1.00000e+00,-1.00000e+00,1.67300e+03,6.47000e+02,-2.77271e+01,2.53219e-01,0.00000e+00,1.00000e+00,0.00000e+00,1.00000e+00,0.00000e+00,1.00000e+00,0.00000e+00,1.00000e+00,0.00000e+00,1.00000e+00,0.00000e+00,1.00000e+00,0.00000e+00,1.00000e+00,0.00000e+00,1.00000e+00,0.00000e+00,1.00000e+00,0.00000e+00,1.00000e+00,0.00000e+00,1.00000e+00,0.00000e+00,1.00000e+00,0.00000e+00,1.00000e+00,0.00000e+00,1.00000e+00,0.00000e+00,1.00000e+00,0.00000e+00,1.00000e+00,0.00000e+00,1.00000e+00,0.00000e+00,1.00000e+00,0.00000e+00,1.00000e+00,0.00000e+00,1.00000e+00,0.00000e+00,1.00000e+00,0.00000e+00,1.00000e+00,0.00000e+00,1.00000e+00,0.00000e+00,1.00000e+00,0.00000e+00,1.00000e+00,0.00000e+00,1.00000e+00
-1.00000e+00,-1.00000e+00,-1.00000e+00,1.03100e+03,1.16500e+03,-1.19087e+01,2.09160e-02,0.00000e+00,1.00000e+00,0.00000e+00,1.00000e+00,0.00000e+00,1.00000e+00,0.00000e+00,1.00000e+00,0.00000e+00,1.00000e+00,0.00000e+00,1.00000e+00,0.00000e+00,1.00000e+00,0.00000e+00,1.00000e+00,0.00000e+00,1.00000e+00,0.00000e+00,1.00000e+00,0.00000e+00,1.00000e+00,0.00000e+00,1.00000e+00,0.00000e+00,1.00000e+00,0.00000e+00,1.00000e+00,0.00000e+00,1.00000e+00,0.00000e+00,1.00000e+00,0.00000e+00,1.00000e+00,0.00000e+00,1.00000e+00,0.00000e+00,1.00000e+00,0.00000e+00,1.00000e+00,0.00000e+00,1.00000e+00,0.00000e+00,1.00000e+00,0.00000e+00,1.00000e+00,0.00000e+00,1.00000e+00,0.00000e+00,1.00000e+00,0.00000e+00,1.00000e+00
-1.00000e+00,-1.00000e+00,-1.00000e+00,1.16700e+03,6.36000e+02,1.22775e+02,8.00871e-01,0.00000e+00,1.00000e+00,0.00000e+00,1.00000e+00,0.00000e+00,1.00000e+00,0.00000e+00,1.00000e+00,0.00000e+00,1.00000e+00,0.00000e+00,1.00000e+00,0.00000e+00,1.00000e+00,0.00000e+00,1.00000e+00,0.00000e+00,1.00000e+00,0.00000e+00,1.00000e+00,0.00000e+00,1.00000e+00,0.00000e+00,1.00000e+00,0.00000e+00,1.00000e+00,0.00000e+00,1.00000e+00,0.00000e+00,1.00000e+00,0.00000e+00,1.00000e+00,0.00000e+00,1.00000e+00,0.00000e+00,1.00000e+00,0.00000e+00,1.00000e+00,0.00000e+00,1.00000e+00,0.00000e+00,1.00000e+00,0.00000e+00,1.00000e+00,0.00000e+00,1.00000e+00,0.00000e+00,1.00000e+00,0.00000e+00,1.00000e+00,0.00000e+00,1.00000e+00
-1.00000e+00,-1.00000e+00,-1.00000e+00,1.00000e+02,1.09500e+03,8.16135e-02,1.89849e-06,0.00000e+00,1.00000e+00,0.00000e+00,1.00000e+00,0.00000e+00,1.00000e+00,0.00000e+00,1.00000e+00,0.00000e+00,1.00000e+00,0.00000e+00,1.00000e+00,0.00000e+00,1.00000e+00,0.00000e+00,1.00000e+00,0.00000e+00,1.00000e+00,0.00000e+00,1.00000e+00,0.00000e+00,1.00000e+00,0.00000e+00,1.00000e+00,0.00000e+00,1.00000e+00,0.00000e+00,1.00000e+00,0.00000e+00,1.00000e+00,0.00000e+00,1.00000e+00,0.00000e+00,1.00000e+00,0.00000e+00,1.00000e+00,0.00000e+00,1.00000e+00,0.00000e+00,1.00000e+00,0.00000e+00,1.00000e+00,0.00000e+00,1.00000e+00,0.00000e+00,1.00000e+00,0.00000e+00,1.00000e+00,0.00000e+00,1.00000e+00,0.00000e+00,1.00000e+00
-1.00000e+00,-1.00000e+00,-1.00000e+00,9.98000e+02,1.67000e+03,7.58898e+01,5.44108e-01,0.00000e+00,1.00000e+00,0.00000e+00,1.00000e+00,0.00000e+00,1.00000e+00,0.00000e+00,1.00000e+00,0.00000e+00,1.00000e+00,0.00000e+00,1.00000e+00,0.00000e+00,1.00000e+00,0.00000e+00,1.00000e+00,0.00000e+00,1.00000e+00,0.00000e+00,1.00000e+00,0.00000e+00,1.00000e+00,0.00000e+00,1.00000e+00,0.00000e+00,1.00000e+00,0.00000e+00,1.00000e+00,0.00000e+00,1.00000e+00,0.00000e+00,1.00000e+00,0.00000e+00,1.00000e+00,0.00000e+00,1.00000e+00,0.00000e+00,1.00000e+00,0.00000e+00,1.00000e+00,0.00000e+00,1.00000e+00,0.00000e+00,1.00000e+00,0.00000e+00,1.00000e+00,0.00000e+00,1.00000e+00,0.00000e+00,1.00000e+00,0.00000e+00,1.00000e+00
-1.00000e+00,-1.00000e+00,-1.00000e+00,4.89000e+02,2.02900e+03,1.94140e+00,6.24405e-03,0.00000e+00,1.00000e+00,0.00000e+00,1.00000e+00,0.00000e+00,1.00000e+00,0.00000e+00,1.00000e+00,0.00000e+00,1.00000e+00,0.00000e+00,1.00000e+00,0.00000e+00,1.00000e+00,0.00000e+00,1.00000e+00,0.00000e+00,1.00000e+00,0.00000e+00,1.00000e+00,0.00000e+00,1.00000e+00,0.00000e+00,1.00000e+00,0.00000e+00,1.00000e+00,0.00000e+00,1.00000e+00,0.00000e+00,1.00000e+00,0.00000e+00,1.00000e+00,0.00000e+00,1.00000e+00,0.00000e+00,1.00000e+00,0.00000e+00,1.00000e+00,0.00000e+00,1.00000e+00,0.00000e+00,1.00000e+00,0.00000e+00,1.00000e+00,0.00000e+00,1.00000e+00,0.00000e+00,1.00000e+00,0.00000e+00,1.00000e+00,0.00000e+00,1.00000e+00
-1.00000e+00,-1.00000e+00,-1.00000e+00,6.50000e+02,2.82000e+02,8.75760e-01,3.91073e-03,0.00000e+00,1.00000e+00,0.00000e+00,1.00000e+00,0.00000e+00,1.00000e+00,0.00000e+00,1.00000e+00,0.00000e+00,1.00000e+00,0.00000e+00,1.00000e+00,0.00000e+00,1.00000e+00,0.00000e+00,1.00000e+00,0.00000e+00,1.00000e+00,0.00000e+00,1.00000e+00,0.00000e+00,1.00000e+00,0.00000e+00,1.00000e+00,0.00000e+00,1.00000e+00,0.00000e+00,1.00000e+00,0.00000e+00,1.00000e+00,0.00000e+00,1.00000e+00,0.00000e+00,1.00000e+00,0.00000e+00,1.00000e+00,0.00000e+00,1.00000e+00,0.00000e+00,1.00000e+00,0.00000e+00,1.00000e+00,0.00000e+00,1.00000e+00,0.00000e+00,1.00000e+00,0.00000e+00,1.00000e+00,0.00000e+00,1.00000e+00,0.00000e+00,1.00000e+00
-1.00000e+00,-1.00000e+00,-1.00000e+00,1.19200e+03,3.62000e+02,3.81958e+00,4.39889e-03,0.00000e+00,1.00000e+00,0.00000e+00,1.00000e+00,0.00000e+00,1.00000e+00,0.00000e+00,1.00000e+00,0.00000e+00,1.00000e+00,0.00000e+00,1.00000e+00,0.00000e+00,1.00000e+00,0.00000e+00,1.00000e+00,0.00000e+00,1.00000e+00,0.00000e+00,1.00000e+00,0.00000e+00,1.00000e+00,0.00000e+00,1.00000e+00,0.00000e+00,1.00000e+00,0.00000e+00,1.00000e+00,0.00000e+00,1.00000e+00,0.00000e+00,1.00000e+00,0.00000e+00,1.00000e+00,0.00000e+00,1.00000e+00,0.00000e+00,1.00000e+00,0.00000e+00,1.00000e+00,0.00000e+00,1.00000e+00,0.00000e+00,1.00000e+00,0.00000e+00,1.00000e+00,0.00000e+00,1.00000e+00,0.00000e+00,1.00000e+00,0.00000e+00,1.00000e+00
-1.00000e+00,-1.00000e+00,-1.00000e+00,1.64500e+03,1.82100e+03,1.59934e+01,2.50651e-02,0.00000e+00,1.00000e+00,0.00000e+00,1.00000e+00,0.00000e+00,1.00000e+00,0.00000e+00,1.00000e+00,0.00000e+00,1.00000e+00,0.00000e+00,1.00000e+00,0.00000e+00,1.00000e+00,0.00000e+00,1.00000e+00,0.00000e+00,1.00000e+00,0.00000e+00,1.00000e+00,0.00000e+00,1.00000e+00,0.00000e+00,1.00000e+00,0.00000e+00,1.00000e+00,0.00000e+00,1.00000e+00,0.00000e+00,1.00000e+00,0.00000e+00,1.00000e+00,0.00000e+00,1.00000e+00,0.00000e+00,1.00000e+00,0.00000e+00,1.00000e+00,0.00000e+00,1.00000e+00,0.00000e+00,1.00000e+00,0.00000e+00,1.00000e+00,0.00000e+00,1.00000e+00,0.00000e+00,1.00000e+00,0.00000e+00,1.00000e+00,0.00000e+00,1.00000e+00
-1.00000e+00,-1.00000e+00,-1.00000e+00,1.12700e+03,1.76400e+03,-2.28324e+01,1.45729e-01,0.00000e+00,1.00000e+00,0.00000e+00,1.00000e+00,0.00000e+00,1.00000e+00,0.00000e+00,1.00000e+00,0.00000e+00,1.00000e+00,0.00000e+00,1.00000e+00,0.00000e+00,1.00000e+00,0.00000e+00,1.00000e+00,0.00000e+00,1.00000e+00,0.00000e+00,1.00000e+00,0.00000e+00,1.00000e+00,0.00000e+00,1.00000e+00,0.00000e+00,1.00000e+00,0.00000e+00,1.00000e+00,0.00000e+00,1.00000e+00,0.00000e+00,1.00000e+00,0.00000e+00,1.00000e+00,0.00000e+00,1.00000e+00,0.00000e+00,1.00000e+00,0.00000e+00,1.00000e+00,0.00000e+00,1.00000e+00,0.00000e+00,1.00000e+00,0.00000e+00,1.00000e+00,0.00000e+00,1.00000e+00,0.00000e+00,1.00000e+00,0.00000e+00,1.00000e+00
-1.00000e+00,-1.00000e+00,-1.00000e+00,8.18000e+02,1.37200e+03,3.80817e+01,2.10525e-01,0.00000e+00,1.00000e+00,0.00000e+00,1.00000e+00,0.00000e+00,1.00000e+00,0.00000e+00,1.00000e+00,0.00000e+00,1.00000e+00,0.00000e+00,1.00000e+00,0.00000e+00,1.00000e+00,0.00000e+00,1.00000e+00,0.00000e+00,1.00000e+00,0.00000e+00,1.00000e+00,0.00000e+00,1.00000e+00,0.00000e+00,1.00000e+00,0.00000e+00,1.00000e+00,0.00000e+00,1.00000e+00,0.00000e+00,1.00000e+00,0.00000e+00,1.00000e+00,0.00000e+00,1.00000e+00,0.00000e+00,1.00000e+00,0.00000e+00,1.00000e+00,0.00000e+00,1.00000e+00,0.00000e+00,1.00000e+00,0.00000e+00,1.00000e+00,0.00000e+00,1.00000e+00,0.00000e+00,1.00000e+00,0.00000e+00,1.00000e+00,0.00000e+00,1.00000e+00
-1.00000e+00,-1.00000e+00,-1.00000e+00,6.45000e+02,1.13600e+03,-9.04445e+01,7.73416e-01,0.00000e+00,1.00000e+00,0.00000e+00,1.00000e+00,0.00000e+00,1.00000e+00,0.00000e+00,1.00000e+00,0.00000e+00,1.00000e+00,0.00000e+00,1.00000e+00,0.00000e+00,1.00000e+00,0.00000e+00,1.00000e+00,0.00000e+00,1.00000e+00,0.00000e+00,1.00000e+00,0.00000e+00,1.00000e+00,0.00000e+00,1.00000e+00,0.00000e+00,1.00000e+00,0.00000e+00,1.00000e+00,0.00000e+00,1.00000e+00,0.00000e+00,1.00000e+00,0.00000e+00,1.00000e+00,0.00000e+00,1.00000e+00,0.00000e+00,1.00000e+00,0.00000e+00,1.00000e+00,0.00000e+00,1.00000e+00,0.00000e+00,1.00000e+00,0.00000e+00,1.00000e+00,0.00000e+00,1.00000e+00,0.00000e+00,1.00000e+00,0.00000e+00,1.00000e+00
-1.00000e+00,-1.00000e+00,-1.00000e+00,1.41600e+03,1.16200e+03,8.10542e-01,8.63435e-04,0.00000e+00,1.00000e+00,0.00000e+00,1.00000e+00,0.00000e+00,1.00000e+00,0.00000e+00,1.00000e+00,0.00000e+00,1.00000e+00,0.00000e+00,1.00000e+00,0.00000e+00,1.00000e+00,0.00000e+00,1.00000e+00,0.00000e+00,1.00000e+00,0.00000e+00,1.00000e+00,0.00000e+00,1.00000e+00,0.00000e+00,1.00000e+00,0.00000e+00,1.00000e+00,0.00000e+00,1.00000e+00,0.00000e+00,1.00000e+00,0.00000e+00,1.00000e+00,0.00000e+00,1.00000e+00,0.00000e+00,1.00000e+00,0.00000e+00,1.00000e+00,0.00000e+00,1.00000e+00,0.00000e+00,1.00000e+00,0.00000e+00,1.00000e+00,0.00000e+00,1.00000e+00,0.00000e+00,1.00000e+00,0.00000e+00,1.00000e+00,0.00000e+00,1.00000e+00
-1.00000e+00,-1.00000e+00,-1.00000e+00,1.03200e+03,7.39000e+02,9.74267e+01,5.98203e-01,0.00000e+00,1.00000e+00,0.00000e+00,1.00000e+00,0.00000e+00,1.00000e+00,0.00000e+00,1.00000e+00,0.00000e+00,1.00000e+00,0.00000e+00,1.00000e+00,0.00000e+00,1.00000e+00,0.00000e+00,1.00000e+00,0.00000e+00,1.00000e+00,0.00000e+00,1.00000e+00,0.00000e+00,1.00000e+00,0.00000e+00,1.00000e+00,0.00000e+00,1.00000e+00,0.00000e+00,1.00000e+00,0.00000e+00,1.00000e+00,0.00000e+00,1.00000e+00,0.00000e+00,1.00000e+00,0.00000e+00,1.00000e+00,0.00000e+00,1.00000e+00,0.00000e+00,1.00000e+00,0.00000e+00,1.00000e+00,0.00000e+00,1.00000e+00,0.00000e+00,1.00000e+00,0.00000e+00,1.00000e+00,0.00000e+00,1.00000e+00,0.00000e+00,1.00000e+00
-1.00000e+00,-1.00000e+00,-1.00000e+00,1.55400e+03,9.39000e+02,4.81945e+01,3.51802e-01,0.00000e+00,1.00000e+00,0.00000e+00,1.00000e+00,0.00000e+00,1.00000e+00,0.00000e+00,1.00000e+00,0.00000e+00,1.00000e+00,0.00000e+00,1.00000e+00,0.00000e+00,1.00000e+00,0.00000e+00,1.00000e+00,0.00000e+00,1.00000e+00,0.00000e+00,1.00000e+00,0.00000e+00,1.00000e+00,0.00000e+00,1.00000e+00,0.00000e+00,1.00000e+00,0.00000e+00,1.00000e+00,0.00000e+00,1.00000e+00,0.00000e+00,1.00000e+00,0.00000e+00,1.00000e+00,0.00000e+00,1.00000e+00,0.00000e+00,1.00000e+00,0.00000e+00,1.00000e+00,0.00000e+00,1.00000e+00,0.00000e+00,1.00000e+00,0.00000e+00,1.00000e+00,0.00000e+00,1.00000e+00,0.00000e+00,1.00000e+00,0.00000e+00,1.00000e+00
-1.00000e+00,-1.00000e+00,-1.00000e+00,9.34000e+02,8.61000e+02,-8.82285e+00,2.02450e-02,0.00000e+00,1.00000e+00,0.00000e+00,1.00000e+00,0.00000e+00,1.00000e+00,0.00000e+00,1.00000e+00,0.00000e+00,1.00000e+00,0.00000e+00,1.00000e+00,0.00000e+00,1.00000e+00,0.00000e+00,1.00000e+00,0.00000e+00,1.00000e+00,0.00000e+00,1.00000e+00,0.00000e+00,1.00000e+00,0.00000e+00,1.00000e+00,0.00000e+00,1.00000e+00,0.00000e+00,1.00000e+00,0.00000e+00,1.00000e+00,0.00000e+00,1.00000e+00,0.00000e+00,1.00000e+00,0.00000e+00,1.00000e+00,0.00000e+00,1.00000e+00,0.00000e+00,1.00000e+00,0.00000e+00,1.00000e+00,0.00000e+00,1.00000e+00,0.00000e+00,1.00000e+00,0.00000e+00,1.00000e+00,0.00000e+00,1.00000e+00,0.00000e+00,1.00000e+00
-1.00000e+00,-1.00000e+00,-1.00000e+00,1.63700e+03,6.88000e+02,-2.31486e+01,1.04662e-01,0.00000e+00,1.00000e+00,0.00000e+00,1.00000e+00,0.00000e+00,1.00000e+00,0.00000e+00,1.00000e+00,0.00000e+00,1.00000e+00,0.00000e+00,1.00000e+00,0.00000e+00,1.00000e+00,0.00000e+00,1.00000e+00,0.00000e+00,1.00000e+00,0.00000e+00,1.00000e+00,0.00000e+00,1.00000e+00,0.00000e+00,1.00000e+00,0.00000e+00,1.00000e+00,0.00000e+00,1.00000e+00,0.00000e+00,1.00000e+00,0.00000e+00,1.00000e+00,0.00000e+00,1.00000e+00,0.00000e+00,1.00000e+00,0.00000e+00,1.00000e+00,0.00000e+00,1.00000e+00,0.00000e+00,1.00000e+00,0.00000e+00,1.00000e+00,0.00000e+00,1.00000e+00,0.00000e+00,1.00000e+00,0.00000e+00,1.00000e+00,0.00000e+00,1.00000e+00
-1.00000e+00,-1.00000e+00,-1.00000e+00,9.19000e+02,1.70000e+01,-2.31510e+01,5.04426e-01,0.00000e+00,1.00000e+00,0.00000e+00,1.00000e+00,0.00000e+00,1.00000e+00,0.00000e+00,1.00000e+00,0.00000e+00,1.00000e+00,0.00000e+00,1.00000e+00,0.00000e+00,1.00000e+00,0.00000e+00,1.00000e+00,0.00000e+00,1.00000e+00,0.00000e+00,1.00000e+00,0.00000e+00,1.00000e+00,0.00000e+00,1.00000e+00,0.00000e+00,1.00000e+00,0.00000e+00,1.00000e+00,0.00000e+00,1.00000e+00,0.00000e+00,1.00000e+00,0.00000e+00,1.00000e+00,0.00000e+00,1.00000e+00,0.00000e+00,1.00000e+00,0.00000e+00,1.00000e+00,0.00000e+00,1.00000e+00,0.00000e+00,1.00000e+00,0.00000e+00,1.00000e+00,0.00000e+00,1.00000e+00,0.00000e+00,1.00000e+00,0.00000e+00,1.00000e+00
-1.00000e+00,-1.00000e+00,-1.00000e+00,1.19300e+03,1.47800e+03,1.24414e+01,1.86666e-01,0.00000e+00,1.00000e+00,0.00000e+00,1.00000e+00,0.00000e+00,1.00000e+00,0.00000e+00,1.00000e+00,0.00000e+00,1.00000e+00,0.00000e+00,1.00000e+00,0.00000e+00,1.00000e+00,0.00000e+00,1.00000e+00,0.00000e+00,1.00000e+00,0.00000e+00,1.00000e+00,0.00000e+00,1.00000e+00,0.00000e+00,1.00000e+00,0.00000e+00,1.00000e+00,0.00000e+00,1.00000e+00,0.00000e+00,1.00000e+00,0.00000e+00,1.00000e+00,0.00000e+00,1.00000e+00,0.00000e+00,1.00000e+00,0.00000e+00,1.00000e+00,0.00000e+00,1.00000e+00,0.00000e+00,1.00000e+00,0.00000e+00,1.00000e+00,0.00000e+00,1.00000e+00,0.00000e+00,1.00000e+00,0.00000e+00,1.00000e+00,0.00000e+00,1.00000e+00
-1.00000e+00,-1.00000e+00,-1.00000e+00,1.17800e+03,2.00100e+03,1.99516e+01,3.22946e-02,0.00000e+00,1.00000e+00,0.00000e+00,1.00000e+00,0.00000e+00,1.00000e+00,0.00000e+00,1.00000e+00,0.00000e+00,1.00000e+00,0.00000e+00,1.00000e+00,0.00000e+00,1.00000e+00,0.00000e+00,1.00000e+00,0.00000e+00,1.00000e+00,0.00000e+00,1.00000e+00,0.00000e+00,1.00000e+00,0.00000e+00,1.00000e+00,0.00000e+00,1.00000e+00,0.00000e+00,1.00000e+00,0.00000e+00,1.00000e+00,0.00000e+00,1.00000e+00,0.00000e+00,1.00000e+00,0.00000e+00,1.00000e+00,0.00000e+00,1.00000e+00,0.00000e+00,1.00000e+00,0.00000e+00,1.00000e+00,0.00000e+00,1.00000e+00,0.00000e+00,1.00000e+00,0.00000e+00,1.00000e+00,0.00000e+00,1.00000e+00,0.00000e+00,1.00000e+00
-1.00000e+00,-1.00000e+00,-1.00000e+00,1.61800e+03,9.91000e+02,6.19032e+01,4.88405e-01,0.00000e+00,1.00000e+00,0.00000e+00,1.00000e+00,0.00000e+00,1.00000e+00,0.00000e+00,1.00000e+00,0.00000e+00,1.00000e+00,0.00000e+00,1.00000e+00,0.00000e+00,1.00000e+00,0.00000e+00,1.00000e+00,0.00000e+00,1.00000e+00,0.00000e+00,1.00000e+00,0.00000e+00,1.00000e+00,0.00000e+00,1.00000e+00,0.00000e+00,1.00000e+00,0.00000e+00,1.00000e+00,0.00000e+00,1.00000e+00,0.00000e+00,1.00000e+00,0.00000e+00,1.00000e+00,0.00000e+00,1.00000e+00,0.00000e+00,1.00000e+00,0.00000e+00,1.00000e+00,0.00000e+00,1.00000e+00,0.00000e+00,1.00000e+00,0.00000e+00,1.00000e+00,0.00000e+00,1.00000e+00,0.00000e+00,1.00000e+00,0.00000e+00,1.00000e+00
-1.00000e+00,-1.00000e+00,-1.00000e+00,1.07300e+03,1.66800e+03,2.06051e+01,3.92090e-02,0.00000e+00,1.00000e+00,0.00000e+00,1.00000e+00,0.00000e+00,1.00000e+00,0.00000e+00,1.00000e+00,0.00000e+00,1.00000e+00,0.00000e+00,1.00000e+00,0.00000e+00,1.00000e+00,0.00000e+00,1.00000e+00,0.00000e+00,1.00000e+00,0.00000e+00,1.00000e+00,0.00000e+00,1.00000e+00,0.00000e+00,1.00000e+00,0.00000e+00,1.00000e+00,0.00000e+00,1.00000e+00,0.00000e+00,1.00000e+00,0.00000e+00,1.00000e+00,0.00000e+00,1.00000e+00,0.00000e+00,1.00000e+00,0.00000e+00,1.00000e+00,0.00000e+00,1.00000e+00,0.00000e+00,1.00000e+00,0.00000e+00,1.00000e+00,0.00000e+00,1.00000e+00,0.00000e+00,1.00000e+00,0.00000e+00,1.00000e+00,0.00000e+00,1.00000e+00
-1.00000e+00,-1.00000e+00,-1.00000e+00,1.17200e+03,1.32100e+03,9.50752e+00,2.01138e-02,0.00000e+00,1.00000e+00,0.00000e+00,1.00000e+00,0.00000e+00,1.00000e+00,0.00000e+00,1.00000e+00,0.00000e+00,1.00000e+00,0.00000e+00,1.00000e+00,0.00000e+00,1.00000e+00,0.00000e+00,1.00000e+00,0.00000e+00,1.00000e+00,0.00000e+00,1.00000e+00,0.00000e+00,1.00000e+00,0.00000e+00,1.00000e+00,0.00000e+00,1.00000e+00,0.00000e+00,1.00000e+00,0.00000e+00,1.00000e+00,0.00000e+00,1.00000e+00,0.00000e+00,1.00000e+00,0.00000e+00,1.00000e+00,0.00000e+00,1.00000e+00,0.00000e+00,1.00000e+00,0.00000e+00,1.00000e+00,0.00000e+00,1.00000e+00,0.00000e+00,1.00000e+00,0.00000e+00,1.00000e+00,0.00000e+00,1.00000e+00,0.00000e+00,1.00000e+00
-1.00000e+00,-1.00000e+00,-1.00000e+00,8.02000e+02,8.91000e+02,7.44414e+01,4.94542e-01,0.00000e+00,1.00000e+00,0.00000e+00,1.00000e+00,0.00000e+00,1.00000e+00,0.00000e+00,1.00000e+00,0.00000e+00,1.00000e+00,0.00000e+00,1.00000e+00,0.00000e+00,1.00000e+00,0.00000e+00,1.00000e+00,0.00000e+00,1.00000e+00,0.00000e+00,1.00000e+00,0.00000e+00,1.00000e+00,0.00000e+00,1.00000e+00,0.00000e+00,1.00000e+00,0.00000e+00,1.00000e+00,0.00000e+00,1.00000e+00,0.00000e+00,1.00000e+00,0.00000e+00,1.00000e+00,0.00000e+00,1.00000e+00,0.00000e+00,1.00000e+00,0.00000e+00,1.00000e+00,0.00000e+00,1.00000e+00,0.00000e+00,1.00000e+00,0.00000e+00,1.00000e+00,0.00000e+00,1.00000e+00,0.00000e+00,1.00000e+00,0.00000e+00,1.00000e+00
-1.00000e+00,-1.00000e+00,-1.00000e+00,1.77800e+03,7.38000e+02,-9.44477e+01,8.12960e-01,0.00000e+00,1.00000e+00,0.00000e+00,1.00000e+00,0.00000e+00,1.00000e+00,0.00000e+00,1.00000e+00,0.00000e+00,1.00000e+00,0.00000e+00,1.00000e+00,0.00000e+00,1.00000e+00,0.00000e+00,1.00000e+00,0.00000e+00,1.00000e+00,0.00000e+00,1.00000e+00,0.00000e+00,1.00000e+00,0.00000e+00,1.00000e+00,0.00000e+00,1.00000e+00,0.00000e+00,1.00000e+00,0.00000e+00,1.00000e+00,0.00000e+00,1.00000e+00,0.00000e+00,1.00000e+00,0.00000e+00,1.00000e+00,0.00000e+00,1.00000e+00,0.00000e+00,1.00000e+00,0.00000e+00,1.00000e+00,0.00000e+00,1.00000e+00,0.00000e+00,1.00000e+00,0.00000e+00,1.00000e+00,0.00000e+00,1.00000e+00,0.00000e+00,1.00000e+00
-1.00000e+00,-1.00000e+00,-1.00000e+00,7.00000e+01,1.63400e+03,9.36038e+01,8.48073e-01,0.00000e+00,1.00000e+00,0.00000e+00,1.00000e+00,0.00000e+00,1.00000e+00,0.00000e+00,1.00000e+00,0.00000e+00,1.00000e+00,0.00000e+00,1.00000e+00,0.00000e+00,1.00000e+00,0.00000e+00,1.00000e+00,0.00000e+00,1.00000e+00,0.00000e+00,1.00000e+00,0.00000e+00,1.00000e+00,0.00000e+00,1.00000e+00,0.00000e+00,1.00000e+00,0.00000e+00,1.00000e+00,0.00000e+00,1.00000e+00,0.00000e+00,1.00000e+00,0.00000e+00,1.00000e+00,0.00000e+00,1.00000e+00,0.00000e+00,1.00000e+00,0.00000e+00,1.00000e+00,0.00000e+00,1.00000e+00,0.00000e+00,1.00000e+00,0.00000e+00,1.00000e+00,0.00000e+00,1.00000e+00,0.00000e+00,1.00000e+00,0.00000e+00,1.00000e+00
-1.00000e+00,-1.00000e+00,-1.00000e+00,1.51900e+03,1.43500e+03,1.08760e+02,8.10722e-01,0.00000e+00,1.00000e+00,0.00000e+00,1.00000e+00,0.00000e+00,1.00000e+00,0.00000e+00,1.00000e+00,0.00000e+00,1.00000e+00,0.00000e+00,1.00000e+00,0.00000e+00,1.00000e+00,0.00000e+00,1.00000e+00,0.00000e+00,1.00000e+00,0.00000e+00,1.00000e+00,0.00000e+00,1.00000e+00,0.00000e+00,1.00000e+00,0.00000e+00,1.00000e+00,0.00000e+00,1.00000e+00,0.00000e+00,1.00000e+00,0.00000e+00,1.00000e+00,0.00000e+00,1.00000e+00,0.00000e+00,1.00000e+00,0.00000e+00,1.00000e+00,0.00000e+00,1.00000e+00,0.00000e+00,1.00000e+00,0.00000e+00,1.00000e+00,0.00000e+00,1.00000e+00,0.00000e+00,1.00000e+00,0.00000e+00,1.00000e+00,0.00000e+00,1.00000e+00
-1.00000e+00,-1.00000e+00,-1.00000e+00,2.06200e+03,1.34700e+03,4.18498e+01,1.90465e-01,0.00000e+00,1.00000e+00,0.00000e+00,1.00000e+00,0.00000e+00,1.00000e+00,0.00000e+00,1.00000e+00,0.00000e+00,1.00000e+00,0.00000e+00,1.00000e+00,0.00000e+00,1.00000e+00,0.00000e+00,1.00000e+00,0.00000e+00,1.00000e+00,0.00000e+00,1.00000e+00,0.00000e+00,1.00000e+00,0.00000e+00,1.00000e+00,0.00000e+00,1.00000e+00,0.00000e+00,1.00000e+00,0.00000e+00,1.00000e+00,0.00000e+00,1.00000e+00,0.00000e+00,1.00000e+00,0.00000e+00,1.00000e+00,0.00000e+00,1.00000e+00,0.00000e+00,1.00000e+00,0.00000e+00,1.00000e+00,0.00000e+00,1.00000e+00,0.00000e+00,1.00000e+00,0.00000e+00,1.00000e+00,0.00000e+00,1.00000e+00,0.00000e+00,1.00000e+00
-1.00000e+00,-1.00000e+00,-1.00000e+00,9.72000e+02,7.26000e+02,-1.53273e+01,5.36248e-02,0.00000e+00,1.00000e+00,0.00000e+00,1.00000e+00,0.00000e+00,1.00000e+00,0.00000e+00,1.00000e+00,0.00000e+00,1.00000e+00,0.00000e+00,1.00000e+00,0.00000e+00,1.00000e+00,0.00000e+00,1.00000e+00,0.00000e+00,1.00000e+00,0.00000e+00,1.00000e+00,0.00000e+00,1.00000e+00,0.00000e+00,1.00000e+00,0.00000e+00,1.00000e+00,0.00000e+00,1.00000e+00,0.00000e+00,1.00000e+00,0.00000e+00,1.00000e+00,0.00000e+00,1.00000e+00,0.00000e+00,1.00000e+00,0.00000e+00,1.00000e+00,0.00000e+00,1.00000e+00,0.00000e+00,1.00000e+00,0.00000e+00,1.00000e+00,0.00000e+00,1.00000e+00,0.00000e+00,1.00000e+00,0.00000e+00,1.00000e+00,0.00000e+00,1.00000e+00
-1.00000e+00,-1.00000e+00,-1.00000e+00,1.01200e+03,1.40000e+03,4.08888e+01,2.46188e-01,0.00000e+00,1.00000e+00,0.00000e+00,1.00000e+00,0.00000e+00,1.00000e+00,0.00000e+00,1.00000e+00,0.00000e+00,1.00000e+00,0.00000e+00,1.00000e+00,0.00000e+00,1.00000e+00,0.00000e+00,1.00000e+00,0.00000e+00,1.00000e+00,0.00000e+00,1.00000e+00,0.00000e+00,1.00000e+00,0.00000e+00,1.00000e+00,0.00000e+00,1.00000e+00,0.00000e+00,1.00000e+00,0.00000e+00,1.00000e+00,0.00000e+00,1.00000e+00,0.00000e+00,1.00000e+00,0.00000e+00,1.00000e+00,0.00000e+00,1.00000e+00,0.00000e+00,1.00000e+00,0.00000e+00,1.00000e+00,0.00000e+00,1.00000e+00,0.00000e+00,1.00000e+00,0.00000e+00,1.00000e+00,0.00000e+00,1.00000e+00,0.00000e+00,1.00000e+00
-1.00000e+00,-1.00000e+00,-1.00000e+00,9.57000e+02,1.93300e+03,-6.26269e+01,6.27151e-01,0.00000e+00,1.00000e+00,0.00000e+00,1.00000e+00,0.00000e+00,1.00000e+00,0.00000e+00,1.00000e+00,0.00000e+00,1.00000e+00,0.00000e+00,1.00000e+00,0.00000e+00,1.00000e+00,0.00000e+00,1.00000e+00,0.00000e+00,1.00000e+00,0.00000e+00,1.00000e+00,0.00000e+00,1.00000e+00,0.00000e+00,1.00000e+00,0.00000e+00,1.00000e+00,0.00000e+00,1.00000e+00,0.00000e+00,1.00000e+00,0.00000e+00,1.00000e+00,0.00000e+00,1.00000e+00,0.00000e+00,1.00000e+00,0.00000e+00,1.00000e+00,0.00000e+00,1.00000e+00,0.00000e+00,1.00000e+00,0.00000e+00,1.00000e+00,0.00000e+00,1.00000e+00,0.00000e+00,1.00000e+00,0.00000e+00,1.00000e+00,0.00000e+00,1.00000e+00
